Round,Player,Team,Position,MatchId,CoachesVotes,RatingPoints,EstimatedRating,Supercoach,DreamTeamPoints,ExpVotes,Votes3,TimeOnGround,Kicks,Handballs,Disposals,DisposalEfficiency,MetresGained,Inside50s,ContestedPossessions,GroundBallGets,PostClearanceContestedPossessions,PostClearanceGroundBallGets,Intercepts,CentreBounceAttendancePercentage,TotalClearances,Marks,InterceptMarks,ContestedMarks,ShotsAtGoal,Goals,Behinds,GoalAssists,ScoreInvolvements,Tackles,PressureActs,Hitouts
1,Tom De Koning,Carlton,Ruck,20250101,3,23.9,13.0,148,132,0.41,6,81,13,15,28,60.7,509,7,18,7,5,4,5,83,8,3,2,1,0,0,0,0,4,5,15,30
1,Jacob Weitering,Carlton,Key Defender,20250101,4,17.3,11.03,90,86,0.05,1,97,13,8,21,81.0,249,3,8,5,8,5,14,0,0,11,8,3,0,0,0,0,2,0,4,1
1,Jack Silvagni,Carlton,Key Defender,20250101,0,15.6,9.67,100,93,0.01,0,89,14,2,16,68.8,296,2,5,3,5,3,4,0,0,8,1,2,2,1,1,0,6,4,11,0
1,Adam Saad,Carlton,Gen. Defender,20250101,0,15.1,11.74,91,72,0.01,0,82,15,6,21,85.7,414,3,9,6,7,5,9,0,1,3,0,0,0,0,0,0,4,1,14,0
1,Patrick Cripps,Carlton,Midfielder,20250101,0,13.6,16.62,120,102,0.64,10,80,10,22,32,71.9,216,3,15,5,3,2,1,79,9,2,0,1,2,0,1,2,9,5,13,2
1,Sam Walsh,Carlton,Midfielder,20250101,0,13.4,13.02,81,84,0.03,0,81,7,18,25,60.0,246,3,12,11,5,5,3,38,2,1,0,0,1,1,0,0,5,5,16,0
1,Adam Cerra,Carlton,Midfielder,20250101,0,11.6,11.84,106,97,0.02,0,83,14,12,26,65.4,379,5,12,10,4,4,4,54,5,3,0,0,0,0,0,0,5,6,29,0
1,Lachlan Cowan,Carlton,Gen. Defender,20250101,0,10.7,6.95,81,84,0.0,0,85,14,4,18,72.2,348,4,5,5,5,5,6,0,0,5,1,0,1,1,0,0,3,4,12,0
1,George Hewett,Carlton,Midfielder,20250101,0,10.3,12.61,94,101,0.02,0,69,12,13,25,56.0,333,4,10,8,5,4,5,62,3,2,1,0,0,0,0,0,4,8,16,0
1,Harry McKay,Carlton,Key Forward,20250101,0,8.8,8.46,75,65,0.0,0,96,9,5,14,71.4,297,4,7,4,5,3,1,12,2,7,0,2,3,1,1,0,5,1,5,2
1,Blake Acres,Carlton,Midfielder,20250101,0,8.8,9.79,60,92,0.01,0,78,12,9,21,52.4,354,1,5,3,5,3,6,0,0,5,2,1,1,1,0,0,4,4,13,0
1,Oliver Hollands,Carlton,Gen. Defender,20250101,0,8.7,6.82,79,72,0.0,0,85,14,5,19,73.7,400,2,5,5,2,2,2,0,1,4,1,0,0,0,0,0,3,2,19,0
1,Matthew Cottrell,Carlton,Mid-Forward,20250101,0,7.5,7.34,64,58,0.0,0,90,7,4,11,54.5,141,0,6,6,3,3,1,0,1,3,0,0,3,1,2,0,5,3,13,0
1,Zac Williams,Carlton,Gen. Forward,20250101,0,7.3,9.24,51,49,0.0,0,65,6,4,10,60.0,282,4,2,2,1,1,0,12,0,4,0,0,3,1,1,1,6,1,9,0
1,Mitch McGovern,Carlton,Gen. Defender,20250101,0,7.2,8.75,45,52,0.0,0,81,11,3,14,64.3,357,2,3,2,3,2,8,0,0,4,3,0,0,0,0,0,2,1,4,0
1,Jesse Motlop,Carlton,Gen. Forward,20250101,0,5.8,6.96,40,39,0.0,0,75,7,3,10,50.0,185,4,7,4,6,4,1,12,1,2,0,0,2,0,2,1,4,2,11,0
1,Francis Evans,Carlton,Gen. Forward,20250101,0,5.5,6.13,26,26,0.0,0,78,5,2,7,71.4,140,2,3,2,2,2,1,0,1,2,0,0,1,1,0,0,2,1,10,0
1,Sam Docherty,Carlton,Midfielder,20250101,0,5.0,3.42,67,56,0.0,0,27,8,6,14,50.0,239,4,6,6,4,4,2,17,2,2,0,0,2,0,2,1,4,3,6,0
1,Lachie Fogarty,Carlton,Gen. Forward,20250101,0,4.9,8.29,55,46,0.0,0,73,4,8,12,83.3,135,2,5,5,4,4,0,0,1,3,0,0,0,0,0,0,2,3,7,0
1,Cooper Lord,Carlton,Midfielder,20250101,0,4.7,6.8,56,70,0.0,0,56,8,6,14,57.1,178,3,7,6,4,3,2,29,1,3,0,0,1,0,0,0,1,6,16,0
1,Brodie Kemp,Carlton,Key Forward,20250101,0,4.3,8.01,39,35,0.0,0,83,6,2,8,62.5,102,1,5,2,5,2,0,0,0,2,0,1,3,1,2,1,6,0,8,0
1,Lucas Camporeale,Carlton,Midfielder,20250101,0,1.8,5.72,56,76,0.0,0,86,9,11,20,50.0,168,1,5,4,4,3,3,0,1,3,0,0,0,0,0,0,1,5,13,0
1,Nick Haynes,Carlton,Gen. Defender,20250101,0,1.6,6.97,59,67,0.0,0,82,13,5,18,66.7,286,1,4,4,4,4,5,0,0,6,1,0,0,0,0,0,0,0,3,0
10,Patrick Cripps,Carlton,Midfielder,20251002,1,20.1,14.9,108,104,0.79,0,87,12,14,26,50.0,311,5,19,11,7,3,2,96,7,1,0,1,3,2,0,1,6,7,23,0
10,Nick Haynes,Carlton,Gen. Defender,20251002,0,19.4,8.36,102,69,0.0,0,90,11,7,18,94.4,379,0,7,6,5,5,10,0,2,6,2,0,0,0,0,0,3,1,9,0
10,George Hewett,Carlton,Midfielder,20251002,0,16.5,13.8,119,94,0.01,0,83,9,18,27,77.8,238,3,14,12,7,6,4,83,7,3,1,0,1,0,0,1,6,6,19,0
10,Charlie Curnow,Carlton,Key Forward,20251002,0,14.0,9.04,83,84,0.01,0,92,14,1,15,60.0,403,6,3,1,3,1,2,0,0,9,0,0,5,3,1,0,6,1,9,0
10,Corey Durdin,Carlton,Gen. Forward,20251002,0,12.7,6.59,62,41,0.0,0,70,6,6,12,83.3,157,2,8,7,5,4,2,0,1,0,0,0,1,1,0,1,2,1,10,0
10,Marc Pittonet,Carlton,Ruck,20251002,0,12.5,12.57,88,87,0.0,0,81,9,3,12,50.0,188,2,10,4,2,0,2,91,7,3,2,2,0,0,0,1,3,7,16,24
10,Adam Cerra,Carlton,Midfielder,20251002,3,10.9,11.71,142,121,0.11,0,76,13,21,34,61.8,383,6,20,15,11,8,7,65,2,4,0,0,0,0,0,0,6,7,23,0
10,Sam Walsh,Carlton,Midfielder,20251002,0,10.4,12.92,86,81,0.0,0,85,8,11,19,68.4,186,2,9,8,6,5,3,52,2,2,0,0,1,1,0,0,3,7,31,0
10,Mitch McGovern,Carlton,Gen. Defender,20251002,0,10.3,9.26,86,68,0.0,0,85,14,6,20,80.0,549,1,4,3,4,3,6,0,0,3,1,0,0,0,0,0,4,1,14,0
10,Harry McKay,Carlton,Key Forward,20251002,0,10.2,8.61,93,88,0.01,0,84,11,5,16,62.5,363,2,9,2,5,1,3,9,3,7,1,2,4,2,1,0,4,4,11,3
10,Adam Saad,Carlton,Gen. Defender,20251002,0,9.5,10.56,79,71,0.0,0,84,14,7,21,61.9,374,0,7,6,6,5,5,0,1,1,0,0,0,0,0,0,1,3,17,0
10,Cooper Lord,Carlton,Midfielder,20251002,0,7.8,6.67,64,71,0.0,0,69,12,7,19,63.2,400,5,3,3,1,1,1,0,0,4,0,0,0,0,0,0,4,3,12,0
10,Oliver Hollands,Carlton,Gen. Defender,20251002,0,6.7,6.93,65,69,0.0,0,81,14,5,19,63.2,548,5,5,5,4,4,7,0,0,5,3,0,0,0,0,0,1,2,17,0
10,Lewis Young,Carlton,Key Defender,20251002,0,6.4,8.04,47,34,0.0,0,85,4,5,9,55.6,67,1,3,2,3,2,3,0,0,1,1,0,0,0,0,1,2,2,5,1
10,Jacob Weitering,Carlton,Key Defender,20251002,0,5.4,10.53,63,54,0.0,0,100,12,1,13,76.9,273,0,2,1,2,1,5,0,0,4,0,0,0,0,0,0,2,1,5,0
10,Jaxon Binns,Carlton,Midfielder,20251002,0,5.0,7.61,56,56,0.0,0,85,14,0,14,57.1,338,4,3,3,2,2,1,0,1,3,0,0,1,0,0,1,2,1,9,0
10,Jack Silvagni,Carlton,Key Defender,20251002,0,3.8,11.2,34,28,0.0,0,43,3,2,5,100.0,6,1,2,0,2,0,4,0,0,3,2,0,0,0,0,0,1,1,4,0
10,Will White,Carlton,Gen. Forward,20251002,0,3.6,5.45,14,16,0.0,0,65,3,3,6,50.0,77,0,3,3,3,3,0,0,0,0,0,0,0,0,0,0,0,1,14,0
10,Francis Evans,Carlton,Gen. Forward,20251002,0,3.5,5.79,56,59,0.0,0,81,10,2,12,41.7,273,2,7,4,6,3,2,0,1,3,0,1,4,0,2,0,3,3,18,0
10,Jesse Motlop,Carlton,Gen. Forward,20251002,0,3.1,8.22,32,32,0.0,0,84,4,3,7,28.6,84,2,4,3,2,2,1,4,2,0,0,0,0,0,0,0,3,4,20,0
10,Matthew Carroll,Carlton,Gen. Defender,20251002,0,2.8,4.1,31,40,0.0,0,71,6,2,8,62.5,122,2,1,1,1,1,2,0,0,2,1,0,0,0,0,0,2,3,10,0
10,Jordan Boyd,Carlton,Gen. Defender,20251002,0,1.9,2.88,35,27,0.0,0,37,4,2,6,100.0,210,2,0,0,0,0,1,0,0,2,1,0,0,0,0,1,1,1,5,0
10,Elijah Hollands,Carlton,Gen. Forward,20251002,0,-0.6,9.81,49,76,0.0,0,84,11,9,20,55.0,271,1,4,4,3,3,2,0,0,4,0,0,2,0,0,0,2,4,11,0
11,Sam Docherty,Carlton,Midfielder,20251103,0,19.3,7.89,118,112,0.03,0,85,20,10,30,70.0,492,6,9,7,8,6,8,0,1,5,1,0,1,1,0,1,3,2,14,0
11,Adam Cerra,Carlton,Midfielder,20251103,4,19.1,12.38,122,108,0.13,0,83,14,9,23,69.6,391,4,10,7,5,4,3,72,5,5,0,1,2,1,1,1,8,6,19,0
11,Adam Saad,Carlton,Gen. Defender,20251103,0,17.0,10.5,89,64,0.01,0,81,12,8,20,90.0,336,3,7,4,7,4,4,0,1,2,1,1,0,0,0,0,4,2,16,0
11,Patrick Cripps,Carlton,Midfielder,20251103,1,16.6,15.08,112,101,0.62,1,88,8,17,25,64.0,238,3,20,9,6,2,1,78,8,3,0,2,2,1,1,0,4,7,17,1
11,Nick Haynes,Carlton,Gen. Defender,20251103,0,16.4,9.11,95,83,0.01,0,86,14,6,20,75.0,412,5,11,7,10,6,10,0,1,8,3,3,0,0,0,0,3,1,10,0
11,Cooper Lord,Carlton,Midfielder,20251103,0,13.1,6.41,96,87,0.01,0,73,11,10,21,71.4,436,4,6,6,2,2,2,3,4,5,0,0,1,1,0,1,5,4,15,0
11,Tom De Koning,Carlton,Ruck,20251103,0,10.3,14.4,80,74,0.01,0,78,5,12,17,58.8,201,4,8,4,2,2,2,78,4,1,1,0,0,0,0,0,5,3,5,25
11,Sam Walsh,Carlton,Midfielder,20251103,0,10.1,12.66,81,85,0.04,0,79,13,13,26,57.7,407,5,11,9,6,5,4,59,3,4,0,0,0,0,0,2,5,3,15,0
11,George Hewett,Carlton,Midfielder,20251103,0,10.0,14.04,64,46,0.0,0,72,4,13,17,88.2,58,2,9,7,3,2,1,75,3,2,0,0,0,0,0,0,4,1,13,0
11,Lachie Fogarty,Carlton,Gen. Forward,20251103,0,8.9,8.36,87,75,0.0,0,80,8,5,13,69.2,189,2,5,3,4,3,1,0,1,5,0,0,3,2,1,2,7,3,11,0
11,Harry McKay,Carlton,Key Forward,20251103,0,8.2,8.56,90,72,0.01,0,76,9,9,18,55.6,274,4,13,4,2,1,1,22,5,5,0,1,1,0,1,0,7,1,4,5
11,Will White,Carlton,Gen. Forward,20251103,0,7.6,5.43,51,53,0.0,0,76,11,2,13,46.2,379,3,4,3,4,3,1,0,0,4,0,0,2,1,1,1,6,0,8,0
11,Jesse Motlop,Carlton,Gen. Forward,20251103,0,7.5,7.94,56,59,0.0,0,80,6,3,9,77.8,187,4,5,3,3,2,2,12,2,1,0,0,1,1,0,0,2,6,18,0
11,Charlie Curnow,Carlton,Key Forward,20251103,0,7.5,9.16,66,70,0.01,0,93,9,3,12,58.3,307,1,4,2,4,2,1,0,0,5,0,1,7,3,3,0,6,0,5,0
11,Blake Acres,Carlton,Midfielder,20251103,0,7.4,7.87,60,47,0.0,0,64,5,4,9,100.0,132,1,4,2,4,2,3,0,0,2,0,0,0,0,0,0,0,4,16,0
11,Matthew Carroll,Carlton,Gen. Defender,20251103,0,7.3,3.51,47,37,0.0,0,79,7,5,12,75.0,243,0,6,5,6,5,5,0,0,2,1,1,0,0,0,0,2,0,9,0
11,Jacob Weitering,Carlton,Key Defender,20251103,0,7.3,10.29,80,53,0.0,0,100,11,3,14,85.7,208,1,7,5,5,3,4,0,1,5,2,2,0,0,0,0,1,1,1,0
11,Mitch McGovern,Carlton,Gen. Defender,20251103,0,6.8,9.38,49,48,0.0,0,87,11,4,15,66.7,315,2,2,2,2,2,2,0,0,3,0,0,1,0,1,2,3,0,11,0
11,Oliver Hollands,Carlton,Gen. Defender,20251103,0,5.9,6.89,62,81,0.01,0,89,9,8,17,76.5,339,1,2,0,0,0,1,0,2,3,0,0,2,1,1,0,4,6,22,0
11,Harry O'Farrell,Carlton,Key Defender,20251103,0,5.2,5.72,49,37,0.0,0,81,5,4,9,77.8,115,0,4,3,4,3,6,0,0,3,2,0,0,0,0,0,1,1,7,0
11,Corey Durdin,Carlton,Gen. Forward,20251103,0,4.9,6.9,29,23,0.0,0,66,3,3,6,66.7,68,1,4,4,1,1,0,0,1,0,0,0,0,0,0,0,1,2,13,0
11,Lewis Young,Carlton,Key Defender,20251103,0,3.6,7.41,48,27,0.0,0,79,4,3,7,100.0,67,1,3,2,3,2,2,0,0,3,1,1,0,0,0,1,2,0,3,0
11,Jaxon Binns,Carlton,Midfielder,20251103,0,-0.4,3.73,5,15,0.0,0,25,2,3,5,60.0,81,1,0,0,0,0,0,0,0,1,0,0,0,0,0,0,1,0,5,0
13,Tom De Koning,Carlton,Ruck,20251307,10,15.8,14.11,146,121,2.05,40,79,12,11,23,65.2,196,2,13,2,3,1,4,76,7,5,3,2,3,1,1,0,10,3,12,29
13,Sam Walsh,Carlton,Midfielder,20251307,7,13.9,12.43,110,105,1.91,35,80,14,18,32,71.9,406,4,14,10,7,6,5,76,7,5,0,0,2,0,1,0,7,3,20,0
13,Adam Cerra,Carlton,Midfielder,20251307,0,13.3,12.75,109,107,0.09,1,70,14,10,24,66.7,433,6,15,11,7,6,4,72,7,5,0,0,0,0,0,2,6,7,19,0
13,Charlie Curnow,Carlton,Key Forward,20251307,0,12.7,9.03,83,80,0.01,0,92,11,2,13,53.8,254,2,7,1,7,1,1,0,0,7,0,3,5,2,2,0,6,3,7,0
13,George Hewett,Carlton,Midfielder,20251307,2,11.1,12.79,114,125,0.54,8,75,14,15,29,65.5,440,8,9,6,5,3,3,60,1,5,1,1,0,0,0,0,8,9,28,0
13,Sam Docherty,Carlton,Midfielder,20251307,0,10.6,8.04,107,112,0.05,0,82,21,5,26,76.9,467,0,5,4,3,3,6,0,2,13,3,0,0,0,0,0,4,0,13,0
13,Adam Saad,Carlton,Gen. Defender,20251307,0,10.4,10.81,79,72,0.01,0,84,13,3,16,62.5,250,2,7,6,7,6,7,0,0,1,0,0,1,1,0,0,2,4,13,0
13,Blake Acres,Carlton,Midfielder,20251307,0,10.4,7.76,110,105,0.14,2,91,17,12,29,65.5,456,5,9,7,4,4,5,0,4,8,2,0,3,1,1,0,7,1,13,0
13,Nick Haynes,Carlton,Gen. Defender,20251307,0,9.9,9.55,81,93,0.01,0,87,16,1,17,76.5,543,4,3,3,3,3,7,0,0,11,3,0,0,0,0,0,2,3,6,0
13,Lachie Fogarty,Carlton,Gen. Forward,20251307,0,9.3,8.35,52,38,0.0,0,80,3,7,10,80.0,59,0,9,7,8,6,3,0,1,2,0,1,0,0,0,0,1,3,11,0
13,Jack Silvagni,Carlton,Key Defender,20251307,5,8.7,10.68,79,63,0.04,0,86,10,7,17,70.6,145,1,7,5,7,5,10,0,0,6,3,2,0,0,0,0,2,0,4,0
13,Oliver Hollands,Carlton,Gen. Defender,20251307,0,8.7,6.89,122,109,0.02,0,85,16,7,23,78.3,411,4,7,6,7,6,6,0,0,10,1,0,0,0,0,1,7,4,20,0
13,Patrick Cripps,Carlton,Midfielder,20251307,0,8.5,15.2,63,56,0.07,1,87,8,7,15,53.3,170,2,11,3,2,1,1,80,4,0,0,0,2,0,1,0,4,6,19,0
13,Mitch McGovern,Carlton,Gen. Defender,20251307,0,8.3,9.34,75,64,0.0,0,75,8,3,11,63.6,297,4,3,2,3,2,3,0,0,5,0,1,2,1,1,2,8,3,7,0
13,Zac Williams,Carlton,Gen. Forward,20251307,0,7.9,9.57,74,67,0.02,0,73,13,2,15,53.3,336,3,4,3,1,1,1,12,3,3,0,0,4,2,1,2,8,1,12,0
13,Orazio Fantasia,Carlton,Gen. Forward,20251307,0,7.1,7.24,42,32,0.0,0,72,2,3,5,100.0,82,1,5,4,4,3,2,0,1,0,0,0,1,1,0,0,2,4,21,0
13,Cooper Lord,Carlton,Midfielder,20251307,0,6.7,7.56,68,81,0.01,0,84,13,8,21,61.9,281,2,8,6,5,4,5,0,1,4,1,0,0,0,0,0,4,4,15,0
13,Jesse Motlop,Carlton,Gen. Forward,20251307,0,6.0,7.43,78,79,0.01,0,81,9,3,12,66.7,199,2,3,2,3,2,1,0,0,8,1,1,4,2,2,2,7,5,14,0
13,Jacob Weitering,Carlton,Key Defender,20251307,0,3.9,10.15,46,38,0.0,0,100,8,0,8,100.0,127,0,2,0,2,0,4,0,0,5,1,0,0,0,0,0,1,1,3,0
13,Hudson O'Keeffe,Carlton,Key Forward,20251307,0,3.4,5.72,62,56,0.0,0,73,5,2,7,42.9,88,0,6,0,5,0,1,24,0,5,1,5,1,0,1,0,3,4,8,8
13,Matthew Carroll,Carlton,Gen. Defender,20251307,0,2.0,4.41,30,49,0.0,0,62,9,2,11,54.5,218,2,4,3,3,3,4,0,1,5,2,0,0,0,0,0,0,2,9,0
13,Alex Cincotta,Carlton,Gen. Forward,20251307,0,1.0,7.0,15,18,0.0,0,83,0,3,3,100.0,-11,1,1,1,1,1,0,0,0,2,0,0,0,0,0,0,1,3,11,0
13,Will White,Carlton,Gen. Forward,20251307,0,0.7,2.63,22,12,0.0,0,21,3,1,4,25.0,1,1,3,2,3,2,3,0,0,0,0,0,0,0,0,0,0,0,6,0
14,Lachie Fogarty,Carlton,Gen. Forward,20251407,0,20.6,7.92,125,90,0.15,1,81,8,9,17,82.4,191,2,9,4,7,4,1,0,1,4,0,2,3,3,0,0,9,4,12,0
14,Tom De Koning,Carlton,Ruck,20251407,0,17.7,14.27,123,109,0.17,1,83,12,9,21,57.1,367,6,14,6,7,3,6,78,5,4,2,2,2,1,1,0,5,2,7,28
14,George Hewett,Carlton,Midfielder,20251407,9,16.8,13.46,127,105,2.47,59,88,8,27,35,88.6,154,1,17,13,6,6,4,83,7,4,0,0,0,0,0,0,9,4,9,0
14,Mitch McGovern,Carlton,Gen. Defender,20251407,3,16.5,8.7,127,81,0.19,1,75,9,4,13,92.3,206,2,5,2,5,2,1,0,0,6,0,1,3,3,0,3,8,2,3,0
14,Adam Saad,Carlton,Gen. Defender,20251407,0,12.3,10.69,103,98,0.03,0,88,18,7,25,84.0,342,2,4,4,4,4,7,0,0,6,0,0,0,0,0,0,5,3,13,0
14,Alex Cincotta,Carlton,Gen. Forward,20251407,2,11.6,6.55,110,64,0.02,0,86,6,8,14,71.4,242,4,7,6,4,3,1,0,3,1,0,0,2,1,0,4,9,5,15,0
14,Nick Haynes,Carlton,Gen. Defender,20251407,0,11.5,9.55,83,95,0.02,0,87,16,3,19,57.9,369,3,5,3,4,2,6,0,1,11,3,1,1,0,0,0,4,2,5,0
14,Orazio Fantasia,Carlton,Gen. Forward,20251407,0,10.7,7.62,70,71,0.0,0,79,11,3,14,42.9,520,6,4,4,4,4,1,0,0,7,0,0,3,0,2,0,7,3,16,0
14,Oliver Hollands,Carlton,Gen. Defender,20251407,0,10.1,7.0,92,74,0.03,0,86,14,10,24,75.0,536,3,7,5,6,4,5,0,1,3,0,0,0,0,0,0,5,1,13,0
14,Jacob Weitering,Carlton,Key Defender,20251407,1,9.2,9.84,112,102,0.14,1,100,20,3,23,73.9,384,1,8,7,7,6,10,0,1,14,3,1,0,0,0,0,4,0,2,0
14,Patrick Cripps,Carlton,Midfielder,20251407,0,9.1,15.01,83,64,0.35,3,85,8,13,21,66.7,310,6,9,5,2,2,1,87,4,1,0,0,2,0,1,1,5,4,24,2
14,Matthew Carroll,Carlton,Gen. Defender,20251407,0,8.3,4.07,82,67,0.0,0,81,11,5,16,68.8,305,2,8,6,6,4,6,0,2,2,0,0,1,0,1,0,4,4,13,0
14,Sam Docherty,Carlton,Midfielder,20251407,0,7.0,8.2,69,71,0.01,0,84,14,6,20,80.0,276,2,3,3,3,3,4,0,0,4,1,0,1,0,0,0,5,2,9,0
14,Charlie Curnow,Carlton,Key Forward,20251407,0,6.7,9.27,46,25,0.0,0,37,3,2,5,40.0,66,0,6,3,6,3,0,0,0,2,0,1,2,1,0,0,1,0,5,0
14,Blake Acres,Carlton,Midfielder,20251407,0,6.6,7.95,69,64,0.01,0,89,11,8,19,63.2,389,4,5,5,4,4,3,0,1,5,0,0,2,0,2,0,5,1,8,0
14,Jaxon Binns,Carlton,Midfielder,20251407,3,6.0,6.76,78,89,0.16,1,88,21,5,26,61.5,538,5,4,4,2,2,3,0,3,4,0,0,1,0,1,0,4,2,14,0
14,Adam Cerra,Carlton,Midfielder,20251407,9,5.6,12.61,102,120,1.93,31,82,16,14,30,73.3,364,4,7,5,3,3,4,61,3,9,1,0,1,0,0,2,3,5,16,0
14,Cooper Lord,Carlton,Midfielder,20251407,0,5.6,7.03,75,71,0.0,0,73,5,9,14,85.7,94,2,4,4,4,4,1,30,0,2,0,0,0,0,0,0,3,8,13,0
14,Jack Silvagni,Carlton,Key Defender,20251407,0,4.4,10.51,49,59,0.01,0,71,13,1,14,50.0,303,0,4,2,3,1,4,0,1,6,2,2,0,0,0,0,2,0,4,0
14,Zac Williams,Carlton,Gen. Forward,20251407,0,3.9,9.56,57,55,0.01,0,72,7,2,9,44.4,190,2,4,2,4,2,1,4,0,5,0,1,4,2,2,0,4,0,6,0
14,Corey Durdin,Carlton,Gen. Forward,20251407,0,2.7,3.22,33,43,0.0,0,45,4,4,8,62.5,87,0,3,1,3,1,1,4,0,4,0,0,2,1,0,0,1,1,4,0
14,Jesse Motlop,Carlton,Gen. Forward,20251407,0,-0.1,7.85,37,40,0.0,0,80,5,2,7,71.4,131,2,0,0,0,0,0,30,0,2,0,0,1,0,1,0,4,5,11,0
14,Hudson O'Keeffe,Carlton,Key Forward,20251407,0,-2.6,5.45,13,20,0.0,0,59,4,3,7,42.9,87,1,2,1,2,1,0,22,0,0,0,0,1,0,1,0,2,0,5,6
15,Mitch McGovern,Carlton,Gen. Defender,20251503,0,19.7,9.49,94,97,0.07,1,86,13,3,16,75.0,225,2,7,4,7,4,3,0,0,7,1,2,5,4,0,1,7,3,6,0
15,Zac Williams,Carlton,Gen. Forward,20251503,0,16.7,8.58,110,99,0.01,0,84,11,7,18,77.8,451,4,8,7,4,4,2,19,4,7,0,0,2,1,1,1,6,6,19,0
15,George Hewett,Carlton,Midfielder,20251503,0,15.6,13.75,109,102,0.09,1,78,7,24,31,67.7,269,5,18,13,7,6,2,92,8,2,0,0,0,0,0,1,6,8,23,0
15,Jacob Weitering,Carlton,Key Defender,20251503,0,15.2,9.82,93,99,0.01,0,86,15,5,20,80.0,257,3,10,6,10,6,11,0,0,10,3,2,0,0,0,0,6,3,5,0
15,Orazio Fantasia,Carlton,Gen. Forward,20251503,0,13.5,7.7,64,58,0.0,0,69,8,6,14,64.3,339,5,5,5,5,5,2,0,0,2,0,0,2,2,0,0,4,1,13,0
15,Nick Haynes,Carlton,Gen. Defender,20251503,0,12.8,9.72,109,94,0.0,0,84,14,3,17,100.0,313,0,3,1,3,1,7,0,0,11,4,1,0,0,0,0,5,3,6,0
15,Marc Pittonet,Carlton,Ruck,20251503,0,12.7,12.65,59,66,0.0,0,67,7,7,14,50.0,129,2,7,4,4,2,2,54,4,1,0,1,0,0,0,0,3,2,7,21
15,Blake Acres,Carlton,Midfielder,20251503,0,11.3,8.1,81,94,0.01,0,81,13,8,21,71.4,356,4,9,6,5,2,1,0,2,7,0,2,3,1,2,0,6,3,28,0
15,Adam Saad,Carlton,Gen. Defender,20251503,0,10.4,10.83,80,70,0.0,0,79,10,8,18,77.8,174,1,6,5,6,5,9,0,0,2,0,0,0,0,0,0,3,4,12,0
15,Adam Cerra,Carlton,Midfielder,20251503,0,9.5,12.35,95,109,0.03,0,84,16,9,25,72.0,431,7,6,4,3,3,3,88,3,5,0,0,1,0,1,0,6,8,27,0
15,Matthew Carroll,Carlton,Gen. Defender,20251503,0,8.2,4.52,63,55,0.0,0,82,8,6,14,92.9,136,1,3,3,3,3,3,0,0,5,1,0,0,0,0,0,4,1,9,0
15,Sam Docherty,Carlton,Midfielder,20251503,1,7.6,8.79,99,131,0.04,0,88,17,12,29,79.3,308,2,5,5,5,5,8,0,0,16,3,0,0,0,0,1,6,2,9,0
15,Lachie Fogarty,Carlton,Gen. Forward,20251503,0,7.4,9.04,87,101,0.0,0,88,9,9,18,66.7,236,2,7,5,6,4,4,0,1,6,0,1,3,1,2,0,5,7,18,0
15,Alex Cincotta,Carlton,Gen. Forward,20251503,0,6.7,6.88,40,33,0.0,0,86,0,7,7,100.0,5,0,3,3,3,3,2,0,0,1,0,0,0,0,0,1,2,4,20,0
15,Tom De Koning,Carlton,Ruck,20251503,0,6.2,14.43,76,73,0.0,0,81,7,7,14,85.7,177,2,6,1,2,0,0,46,3,5,0,1,1,0,1,0,4,3,4,19
15,Oliver Hollands,Carlton,Gen. Defender,20251503,0,6.0,7.18,65,75,0.0,0,93,11,9,20,75.0,343,2,3,2,2,2,1,0,1,5,1,0,0,0,0,0,6,3,30,0
15,Patrick Cripps,Carlton,Midfielder,20251503,0,5.9,14.82,75,93,0.12,1,78,9,15,24,58.3,263,2,12,4,3,1,2,73,5,2,0,0,2,0,1,1,3,7,20,1
15,Jack Silvagni,Carlton,Key Defender,20251503,0,5.1,9.91,59,53,0.0,0,88,10,3,13,76.9,86,0,5,3,5,3,6,0,0,3,1,1,0,0,0,0,4,3,7,0
15,Jesse Motlop,Carlton,Gen. Forward,20251503,0,4.6,3.66,26,39,0.0,0,29,6,4,10,70.0,161,2,3,1,1,1,0,15,2,1,0,0,2,1,1,0,3,1,8,0
15,Charlie Curnow,Carlton,Key Forward,20251503,0,3.8,9.12,34,27,0.0,0,88,7,2,9,77.8,175,2,5,3,5,3,0,0,0,3,0,1,2,0,1,0,3,0,6,0
15,Cooper Lord,Carlton,Midfielder,20251503,0,3.5,6.89,24,24,0.0,0,45,4,3,7,71.4,107,1,2,1,0,0,0,12,2,2,0,0,0,0,0,0,1,0,9,0
15,Jaxon Binns,Carlton,Midfielder,20251503,0,2.7,6.88,58,73,0.0,0,80,14,3,17,58.8,336,3,2,1,1,1,1,0,1,7,0,0,1,0,0,0,4,1,8,0
15,Corey Durdin,Carlton,Gen. Forward,20251503,0,1.9,7.05,20,26,0.0,0,75,6,1,7,71.4,182,4,1,1,1,1,0,0,0,3,0,0,1,0,0,0,1,0,7,0
16,Zac Williams,Carlton,Gen. Forward,20251601,0,16.6,9.79,77,54,0.0,0,85,9,9,18,77.8,290,1,11,11,4,4,1,36,5,1,0,0,2,1,0,1,3,0,6,0
16,George Hewett,Carlton,Midfielder,20251601,0,16.2,13.77,120,89,0.01,0,85,6,15,21,76.2,184,3,11,8,1,1,1,75,5,3,1,0,0,0,0,0,6,9,25,0
16,Patrick Cripps,Carlton,Midfielder,20251601,0,14.5,14.31,93,58,0.01,0,81,7,10,17,82.4,191,2,11,6,1,1,1,75,8,0,0,0,2,1,0,0,8,4,11,0
16,Oliver Hollands,Carlton,Gen. Defender,20251601,0,12.5,7.18,76,72,0.0,0,85,8,10,18,88.9,267,1,5,2,3,2,3,4,2,2,0,0,1,1,0,0,8,4,32,0
16,Cooper Lord,Carlton,Midfielder,20251601,0,11.3,7.19,60,63,0.0,0,79,9,7,16,56.3,387,6,5,3,3,2,3,29,2,3,0,1,0,0,0,0,4,3,24,0
16,Nick Haynes,Carlton,Gen. Defender,20251601,0,10.0,9.25,95,81,0.0,0,86,12,6,18,77.8,296,2,5,4,3,2,6,0,2,8,3,0,0,0,0,0,5,2,10,0
16,Jesse Motlop,Carlton,Gen. Forward,20251601,0,9.0,7.43,65,51,0.0,0,76,4,6,10,80.0,129,0,5,4,5,4,2,11,0,0,0,0,3,1,1,0,3,7,20,0
16,Tom De Koning,Carlton,Ruck,20251601,0,8.2,13.98,85,77,0.0,0,78,9,9,18,66.7,252,3,7,3,2,2,3,89,4,1,0,0,1,0,1,0,5,1,4,21
16,Blake Acres,Carlton,Midfielder,20251601,0,8.1,8.38,65,45,0.0,0,83,6,5,11,72.7,159,1,4,4,4,4,1,0,0,0,0,0,1,0,1,0,3,4,6,0
16,Adam Cerra,Carlton,Midfielder,20251601,0,7.9,11.54,66,59,0.0,0,78,7,10,17,64.7,230,2,7,5,2,2,0,68,4,0,0,0,0,0,0,0,4,5,19,0
16,Jordan Boyd,Carlton,Gen. Defender,20251601,0,7.9,5.85,57,34,0.0,0,84,9,2,11,81.8,281,0,5,5,4,4,4,0,0,1,0,0,0,0,0,0,1,0,5,0
16,Lachie Fogarty,Carlton,Gen. Forward,20251601,0,7.4,8.65,72,66,0.0,0,75,10,6,16,56.3,361,5,6,5,6,5,5,4,0,3,0,0,2,0,2,0,5,3,16,0
16,Orazio Fantasia,Carlton,Gen. Forward,20251601,0,7.4,8.42,51,56,0.0,0,75,7,6,13,53.8,293,2,4,4,4,4,2,0,0,4,0,0,4,2,2,1,7,0,8,0
16,Sam Docherty,Carlton,Midfielder,20251601,0,6.8,8.74,103,93,0.0,0,90,13,6,19,78.9,386,3,3,3,1,1,1,0,1,9,0,0,2,1,0,0,3,3,11,0
16,Jacob Weitering,Carlton,Key Defender,20251601,0,4.9,9.96,59,54,0.0,0,100,9,2,11,63.6,231,0,4,3,4,3,4,0,0,6,1,0,0,0,0,0,1,1,3,0
16,Jack Silvagni,Carlton,Key Defender,20251601,0,4.7,9.61,86,28,0.0,0,67,7,3,10,100.0,159,1,6,3,5,3,6,0,0,2,0,0,0,0,0,0,1,1,5,0
16,Charlie Curnow,Carlton,Key Forward,20251601,0,4.1,8.95,79,80,0.0,0,90,11,1,12,41.7,292,4,8,2,8,2,1,0,0,6,0,2,4,0,3,1,7,5,7,0
16,Lewis Young,Carlton,Key Defender,20251601,0,3.0,7.11,25,30,0.0,0,80,4,1,5,80.0,96,0,1,0,0,0,1,11,1,4,1,0,1,1,0,0,1,1,5,3
16,Alex Cincotta,Carlton,Gen. Forward,20251601,0,2.6,6.91,34,37,0.0,0,88,7,1,8,62.5,254,2,1,1,1,1,2,0,0,2,0,0,0,0,0,1,2,2,11,0
16,Flynn Young,Carlton,Gen. Forward,20251601,0,1.9,2.41,8,17,0.0,0,49,4,1,5,40.0,163,3,0,0,0,0,0,0,0,1,0,0,0,0,0,0,3,0,9,0
16,Mitch McGovern,Carlton,Gen. Defender,20251601,0,1.9,9.77,36,35,0.0,0,82,7,1,8,37.5,128,2,7,3,6,2,1,0,1,3,0,2,2,0,1,1,3,0,7,0
16,Adam Saad,Carlton,Gen. Defender,20251601,0,0.9,10.72,22,12,0.0,0,40,3,1,4,50.0,69,0,1,1,1,1,1,0,0,0,0,0,0,0,0,0,0,1,7,0
16,Billy Wilson,Carlton,Gen. Defender,20251601,0,-0.6,5.72,29,25,0.0,0,63,5,2,7,71.4,137,0,0,0,0,0,1,0,0,0,0,0,0,0,0,0,0,2,12,0
17,Zac Williams,Carlton,Gen. Forward,20251706,0,18.6,10.19,107,82,0.04,0,64,15,4,19,52.6,470,5,9,6,3,2,0,32,4,2,0,0,3,3,0,0,8,1,13,0
17,Patrick Cripps,Carlton,Midfielder,20251706,0,15.8,14.23,74,73,0.07,0,79,12,13,25,76.0,356,4,13,9,4,4,3,82,9,1,0,0,0,0,0,0,5,3,24,0
17,Sam Docherty,Carlton,Midfielder,20251706,0,14.5,8.65,81,84,0.0,0,85,10,12,22,72.7,431,4,5,5,3,3,5,0,2,6,2,0,0,0,0,1,3,3,14,0
17,Adam Cerra,Carlton,Midfielder,20251706,0,13.3,11.34,89,93,0.02,0,76,15,13,28,71.4,400,7,11,9,3,3,2,64,6,4,0,0,0,0,0,0,5,3,24,0
17,Oliver Hollands,Carlton,Gen. Defender,20251706,0,13.0,7.34,95,95,0.0,0,83,10,14,24,83.3,315,2,5,4,3,3,1,0,2,4,0,0,1,0,0,0,2,6,31,0
17,Marc Pittonet,Carlton,Ruck,20251706,0,12.8,12.55,97,93,0.0,0,78,4,13,17,82.4,70,2,8,2,4,2,4,61,2,3,2,2,0,0,0,0,2,4,10,33
17,Lachlan Cowan,Carlton,Gen. Defender,20251706,0,11.4,6.79,89,89,0.0,0,81,17,3,20,80.0,588,2,5,5,4,4,5,0,0,8,1,0,0,0,0,0,3,2,6,0
17,Jesse Motlop,Carlton,Gen. Forward,20251706,0,10.5,7.23,50,50,0.0,0,77,7,1,8,62.5,192,1,3,3,2,2,0,0,1,2,0,0,3,2,1,0,4,2,14,0
17,Jacob Weitering,Carlton,Key Defender,20251706,0,10.4,9.73,68,57,0.0,0,100,10,4,14,71.4,141,0,6,3,6,3,9,0,0,7,3,1,0,0,0,0,3,0,5,0
17,Blake Acres,Carlton,Midfielder,20251706,0,9.0,8.42,79,82,0.0,0,84,11,9,20,70.0,305,2,6,6,4,4,4,0,2,7,0,0,1,0,1,0,5,3,17,0
17,Cooper Lord,Carlton,Midfielder,20251706,0,7.8,7.65,48,59,0.0,0,80,9,9,18,44.4,304,4,10,8,4,4,3,11,4,2,0,0,0,0,0,0,3,2,22,0
17,Lachie Fogarty,Carlton,Gen. Forward,20251706,0,7.6,9.24,49,35,0.0,0,75,3,4,7,100.0,102,0,4,3,3,2,0,0,1,2,0,0,0,0,0,0,3,3,15,0
17,George Hewett,Carlton,Midfielder,20251706,0,7.1,13.95,85,68,0.01,0,81,3,15,18,66.7,69,1,10,6,3,3,3,79,4,1,0,0,0,0,0,1,4,7,24,0
17,Nick Haynes,Carlton,Gen. Defender,20251706,0,6.9,9.87,55,50,0.0,0,82,8,4,12,83.3,321,3,1,1,1,1,4,0,0,6,2,0,0,0,0,0,2,0,2,0
17,Ashton Moir,Carlton,Gen. Forward,20251706,0,6.4,5.88,49,49,0.0,0,78,6,3,9,77.8,146,0,4,0,3,0,0,32,1,5,0,3,1,1,0,1,3,1,12,0
17,Orazio Fantasia,Carlton,Gen. Forward,20251706,0,5.9,8.27,36,40,0.0,0,77,5,3,8,75.0,143,0,2,1,1,1,1,0,1,4,0,0,1,1,0,0,4,1,11,0
17,Mitch McGovern,Carlton,Gen. Defender,20251706,0,5.9,9.58,47,53,0.0,0,83,14,1,15,66.7,444,0,2,1,1,1,1,0,1,0,0,0,2,1,0,0,3,2,19,0
17,Matthew Carroll,Carlton,Gen. Defender,20251706,0,5.6,4.99,57,39,0.0,0,83,10,1,11,81.8,301,2,2,2,2,2,4,0,0,2,1,0,0,0,0,1,1,1,15,0
17,Tom De Koning,Carlton,Ruck,20251706,0,5.2,13.73,66,48,0.0,0,81,5,6,11,90.9,62,1,3,0,1,0,2,39,1,3,1,0,1,0,1,1,5,0,7,12
17,Charlie Curnow,Carlton,Key Forward,20251706,0,4.6,9.06,77,74,0.0,0,90,11,7,18,66.7,356,5,4,3,3,2,1,0,1,9,0,1,4,0,3,2,10,0,6,0
17,Harry O'Farrell,Carlton,Key Defender,20251706,0,3.5,5.68,33,36,0.0,0,84,5,3,8,50.0,174,1,4,4,4,4,6,0,0,3,2,0,0,0,0,0,0,2,7,0
17,Francis Evans,Carlton,Gen. Forward,20251706,0,0.9,5.71,35,54,0.0,0,77,7,5,12,83.3,189,2,0,0,0,0,0,0,0,7,0,0,2,0,2,0,4,0,5,0
17,Flynn Young,Carlton,Gen. Forward,20251706,0,0.8,2.28,10,20,0.0,0,22,5,1,6,50.0,189,1,0,0,0,0,0,0,0,1,0,0,0,0,0,0,0,0,3,0
18,Marc Pittonet,Carlton,Ruck,20251805,0,18.5,12.6,113,73,0.0,0,74,3,4,7,85.7,57,1,6,3,3,2,2,78,1,1,0,1,2,2,0,0,4,2,6,35
18,George Hewett,Carlton,Midfielder,20251805,0,17.8,12.72,131,104,0.08,1,76,13,20,33,81.8,384,3,17,12,4,4,3,78,9,5,0,0,1,1,0,2,8,3,13,0
18,Zac Williams,Carlton,Gen. Forward,20251805,0,12.2,10.33,75,61,0.0,0,80,8,6,14,64.3,283,4,7,6,5,5,1,41,1,2,0,0,2,1,1,1,6,3,14,0
18,Mitch McGovern,Carlton,Gen. Defender,20251805,0,11.8,9.45,56,45,0.0,0,76,8,4,12,83.3,252,0,5,4,4,3,3,0,0,2,0,0,1,1,0,0,3,0,3,0
18,Nick Haynes,Carlton,Gen. Defender,20251805,0,10.6,9.63,89,83,0.0,0,92,13,10,23,82.6,322,2,7,5,5,4,5,0,2,6,0,0,0,0,0,0,2,2,8,0
18,Harry O'Farrell,Carlton,Key Defender,20251805,0,9.8,5.26,78,49,0.0,0,80,7,4,11,81.8,208,0,6,3,6,3,9,0,0,4,4,1,1,0,1,0,3,2,6,0
18,Patrick Cripps,Carlton,Midfielder,20251805,0,8.9,14.2,117,101,0.3,4,88,10,16,26,61.5,419,2,15,5,5,4,2,85,9,2,0,1,4,1,2,0,7,6,26,0
18,Charlie Curnow,Carlton,Key Forward,20251805,0,8.8,9.09,71,57,0.0,0,89,10,4,14,57.1,312,3,8,3,8,3,0,0,0,6,0,4,2,0,2,1,6,1,3,0
18,Orazio Fantasia,Carlton,Gen. Forward,20251805,0,8.5,7.97,83,61,0.0,0,51,8,6,14,71.4,304,4,7,6,6,6,4,0,1,1,0,0,1,1,0,1,4,4,13,0
18,Jacob Weitering,Carlton,Key Defender,20251805,0,7.1,9.79,54,40,0.0,0,100,5,4,9,88.9,108,1,1,1,1,1,5,0,0,4,3,0,0,0,0,0,0,1,2,0
18,Corey Durdin,Carlton,Gen. Forward,20251805,0,6.9,6.45,50,36,0.0,0,73,3,6,9,66.7,107,2,5,3,5,3,0,0,0,2,0,1,1,1,0,0,2,2,10,0
18,Tom De Koning,Carlton,Ruck,20251805,0,6.0,13.38,79,79,0.0,0,85,8,6,14,71.4,111,0,6,3,2,0,0,22,2,3,0,0,1,1,0,0,4,4,5,10
18,Matthew Carroll,Carlton,Gen. Defender,20251805,0,5.9,5.38,44,31,0.0,0,81,4,10,14,64.3,183,2,8,8,8,8,7,0,0,1,0,0,0,0,0,0,3,2,5,0
18,Sam Docherty,Carlton,Midfielder,20251805,0,5.2,9.0,65,69,0.0,0,89,13,8,21,61.9,358,1,5,4,3,3,1,0,2,2,0,0,0,0,0,0,5,2,13,0
18,Lachlan Cowan,Carlton,Gen. Defender,20251805,0,4.8,7.21,83,80,0.0,0,90,17,5,22,72.7,509,4,7,4,4,2,6,0,1,5,2,0,0,0,0,1,3,1,16,0
18,Jesse Motlop,Carlton,Gen. Forward,20251805,0,4.7,7.32,58,75,0.0,0,81,12,5,17,64.7,189,3,8,6,3,3,3,26,5,6,0,0,1,0,1,0,5,4,18,0
18,Lachie Fogarty,Carlton,Gen. Forward,20251805,0,3.8,9.08,46,32,0.0,0,77,2,5,7,71.4,45,1,5,4,4,3,0,0,0,2,0,0,1,0,1,1,4,3,9,0
18,Adam Cerra,Carlton,Midfielder,20251805,0,3.0,12.14,76,91,0.01,0,76,14,11,25,60.0,406,3,10,7,7,6,4,63,2,2,0,0,0,0,0,0,2,5,19,0
18,Flynn Young,Carlton,Gen. Forward,20251805,0,2.1,5.24,27,34,0.0,0,74,6,4,10,70.0,178,4,1,1,1,1,1,0,0,2,0,0,0,0,0,0,2,1,13,0
18,Oliver Hollands,Carlton,Gen. Defender,20251805,0,1.8,7.22,54,64,0.0,0,83,13,8,21,81.0,457,1,3,3,2,2,4,0,1,5,0,0,0,0,0,0,1,0,14,0
18,Cooper Lord,Carlton,Midfielder,20251805,0,1.4,3.13,13,23,0.0,0,29,4,1,5,60.0,161,2,1,1,1,1,1,0,0,0,0,0,0,0,0,0,1,3,5,0
18,Alex Cincotta,Carlton,Gen. Forward,20251805,0,-0.5,6.66,36,38,0.0,0,83,3,4,7,28.6,-1,0,4,4,1,1,2,0,1,1,1,0,0,0,0,0,1,6,17,0
18,Ashton Moir,Carlton,Gen. Forward,20251805,0,-2.9,5.82,37,50,0.0,0,72,6,3,9,44.4,136,2,2,1,2,1,0,7,0,5,0,1,4,0,3,0,3,2,7,0
19,Matthew Carroll,Carlton,Gen. Defender,20251904,4,19.5,5.45,105,74,0.07,0,75,15,0,15,73.3,415,3,5,4,4,3,10,0,1,5,5,1,2,1,0,1,5,2,11,0
19,Patrick Cripps,Carlton,Midfielder,20251904,6,19.1,14.15,113,104,1.95,14,80,17,12,29,62.1,415,5,14,8,6,5,4,92,8,2,1,0,0,0,0,1,3,5,26,0
19,Cooper Lord,Carlton,Midfielder,20251904,0,15.6,7.48,106,78,0.01,0,85,12,4,16,68.8,407,4,8,8,4,4,6,0,4,6,2,0,0,0,0,1,2,4,18,0
19,George Hewett,Carlton,Midfielder,20251904,0,12.5,12.82,73,53,0.03,0,85,9,10,19,78.9,185,3,12,8,8,6,3,77,4,2,0,0,0,0,0,0,3,0,15,0
19,Ashton Moir,Carlton,Gen. Forward,20251904,0,12.3,5.12,69,67,0.11,0,82,9,2,11,72.7,238,2,2,2,2,2,0,8,0,4,0,0,5,4,0,0,7,0,7,0
19,Adam Cerra,Carlton,Midfielder,20251904,0,10.7,11.57,91,73,0.12,0,78,11,9,20,75.0,335,4,12,9,1,1,1,73,8,3,0,0,1,1,0,0,2,2,21,0
19,Charlie Curnow,Carlton,Key Forward,20251904,1,10.5,9.2,92,89,0.15,0,94,15,0,15,73.3,351,2,2,2,2,2,0,0,1,8,0,0,3,3,0,1,5,1,5,0
19,Sam Docherty,Carlton,Midfielder,20251904,0,10.4,8.25,108,77,0.01,0,83,8,10,18,66.7,225,2,9,6,6,3,5,0,3,4,0,0,1,1,0,0,3,3,14,0
19,Marc Pittonet,Carlton,Ruck,20251904,0,10.3,12.76,76,55,0.0,0,68,2,6,8,62.5,35,1,8,3,3,2,1,69,2,0,0,0,0,0,0,0,2,4,8,21
19,Lachlan Cowan,Carlton,Gen. Defender,20251904,2,10.2,7.15,74,71,0.04,0,80,12,4,16,75.0,230,2,5,2,4,1,9,0,1,6,5,1,0,0,0,0,1,2,11,0
19,Zac Williams,Carlton,Gen. Forward,20251904,0,9.0,10.45,59,51,0.01,0,74,9,7,16,62.5,330,2,6,4,4,3,3,46,2,1,0,0,1,0,0,0,3,3,13,0
19,Jacob Weitering,Carlton,Key Defender,20251904,6,8.1,9.67,92,63,0.08,0,100,10,1,11,90.9,384,0,4,1,4,1,9,0,0,8,6,1,0,0,0,0,0,2,7,0
19,Adam Saad,Carlton,Gen. Defender,20251904,0,8.0,10.24,77,49,0.01,0,91,11,6,17,70.6,317,2,6,5,5,4,6,0,2,1,1,1,0,0,0,0,2,1,4,0
19,Francis Evans,Carlton,Gen. Forward,20251904,0,7.2,5.87,52,48,0.0,0,46,5,3,8,75.0,223,3,5,3,5,3,3,0,0,2,0,0,1,1,0,1,3,4,8,0
19,Tom De Koning,Carlton,Ruck,20251904,0,5.5,12.99,59,44,0.0,0,75,6,6,12,75.0,209,3,6,3,5,2,2,31,0,4,1,1,0,0,0,0,3,0,9,5
19,Lachie Fogarty,Carlton,Gen. Forward,20251904,0,4.8,8.86,47,43,0.0,0,79,8,3,11,72.7,181,3,3,1,3,1,0,0,0,1,0,0,0,0,0,1,3,3,16,0
19,Harry O'Farrell,Carlton,Key Defender,20251904,0,4.0,6.14,46,37,0.0,0,87,9,1,10,80.0,295,1,2,1,2,1,4,0,0,4,0,0,0,0,0,0,0,1,3,0
19,Nick Haynes,Carlton,Gen. Defender,20251904,0,3.6,9.73,49,46,0.0,0,90,8,5,13,69.2,230,0,6,5,6,5,6,0,0,3,0,0,0,0,0,0,2,2,8,0
19,Flynn Young,Carlton,Gen. Forward,20251904,0,3.4,4.35,40,55,0.0,0,73,8,0,8,25.0,260,0,1,0,1,0,2,0,0,3,0,0,3,1,2,0,4,4,16,0
19,Oliver Hollands,Carlton,Gen. Defender,20251904,0,2.5,7.38,69,61,0.0,0,89,9,5,14,78.6,338,4,1,1,1,1,1,0,0,5,0,0,0,0,0,1,1,3,25,0
19,Jesse Motlop,Carlton,Gen. Forward,20251904,0,2.4,7.74,33,36,0.0,0,79,5,5,10,70.0,103,2,3,3,2,2,1,4,1,3,1,0,1,0,1,0,1,1,19,0
19,Corey Durdin,Carlton,Gen. Forward,20251904,0,1.4,3.18,16,8,0.0,0,33,2,1,3,0.0,66,1,3,2,3,2,3,0,0,0,0,0,1,0,0,0,1,0,5,0
19,Will White,Carlton,Gen. Forward,20251904,0,0.7,5.11,20,23,0.0,0,72,4,1,5,60.0,122,1,1,0,1,0,0,0,0,2,0,0,1,0,1,1,2,1,11,0
2,Patrick Cripps,Carlton,Midfielder,20250201,0,22.7,16.48,108,88,0.45,0,82,12,17,29,72.4,361,4,18,13,8,6,6,83,11,3,0,1,1,0,1,0,3,4,17,1
2,Matthew Cottrell,Carlton,Mid-Forward,20250201,0,19.4,7.35,88,78,0.01,0,91,16,4,20,65.0,478,7,11,9,9,8,7,0,2,1,1,1,1,1,0,0,4,3,18,0
2,George Hewett,Carlton,Midfielder,20250201,1,16.2,12.21,123,120,0.5,0,81,14,14,28,67.9,405,4,16,10,4,4,2,70,11,1,0,0,4,1,1,1,7,11,23,0
2,Adam Cerra,Carlton,Midfielder,20250201,0,16.1,11.21,113,100,0.12,0,73,17,11,28,60.7,539,2,12,9,5,4,6,52,4,2,2,0,1,1,0,0,2,5,18,0
2,Tom De Koning,Carlton,Ruck,20250201,6,12.9,13.88,104,107,0.15,0,76,10,9,19,47.4,264,5,10,5,2,1,3,91,7,3,2,1,1,0,1,1,6,3,9,40
2,Jacob Weitering,Carlton,Key Defender,20250201,0,12.0,11.39,82,59,0.0,0,100,10,1,11,81.8,176,1,4,2,4,2,7,0,0,7,3,1,0,0,0,0,1,2,5,0
2,Zac Williams,Carlton,Gen. Forward,20250201,0,10.8,8.39,59,47,0.01,0,65,6,5,11,63.6,165,2,5,4,4,3,1,13,1,1,0,1,2,2,0,0,4,1,13,0
2,Sam Walsh,Carlton,Midfielder,20250201,0,10.2,12.85,100,99,0.07,0,80,10,12,22,50.0,322,4,12,8,4,4,3,74,5,0,0,0,0,0,0,0,1,12,27,0
2,Lucas Camporeale,Carlton,Midfielder,20250201,0,8.9,5.06,52,30,0.0,0,67,5,4,9,66.7,184,1,7,6,4,3,1,0,3,2,0,0,0,0,0,1,1,0,14,0
2,Sam Docherty,Carlton,Midfielder,20250201,0,8.3,8.68,73,70,0.0,0,86,10,3,13,53.8,322,3,6,4,5,3,3,0,1,0,0,0,0,0,0,0,2,9,16,0
2,Mitch McGovern,Carlton,Gen. Defender,20250201,0,7.6,8.68,59,48,0.01,0,80,11,2,13,84.6,334,1,4,1,4,1,5,0,0,5,2,2,0,0,0,0,2,1,12,0
2,Jack Silvagni,Carlton,Key Defender,20250201,0,7.2,10.39,69,63,0.0,0,80,6,4,10,70.0,191,3,5,2,5,2,2,0,0,3,0,2,4,1,3,1,7,6,18,0
2,Lachie Fogarty,Carlton,Gen. Forward,20250201,0,7.2,8.53,48,39,0.0,0,72,3,5,8,87.5,117,2,3,2,3,2,1,0,0,1,0,0,0,0,0,0,5,5,14,0
2,Jesse Motlop,Carlton,Gen. Forward,20250201,0,7.1,7.06,81,87,0.01,0,75,12,7,19,57.9,212,2,4,3,3,2,1,9,2,3,0,0,4,1,3,0,8,6,13,0
2,Lewis Young,Carlton,Key Defender,20250201,0,7.0,8.79,61,44,0.0,0,89,6,2,8,62.5,173,0,2,1,1,0,5,9,0,4,3,0,0,0,0,0,1,1,4,5
2,Nick Haynes,Carlton,Gen. Defender,20250201,0,6.8,6.1,49,35,0.0,0,73,6,2,8,75.0,182,2,5,2,5,2,6,0,0,4,1,0,0,0,0,0,0,0,2,0
2,Adam Saad,Carlton,Gen. Defender,20250201,0,5.5,12.0,47,55,0.0,0,84,11,2,13,53.8,286,2,3,3,3,3,3,0,0,2,0,0,0,0,0,1,1,3,15,0
2,Lachlan Cowan,Carlton,Gen. Defender,20250201,0,5.3,7.18,46,37,0.0,0,84,5,4,9,55.6,92,2,6,3,3,0,3,0,3,1,0,0,0,0,0,0,0,3,15,0
2,Oliver Hollands,Carlton,Gen. Defender,20250201,0,4.9,7.41,50,48,0.0,0,91,7,4,11,72.7,280,3,3,2,3,2,2,0,0,3,0,0,0,0,0,0,2,4,16,0
2,Cooper Lord,Carlton,Midfielder,20250201,0,2.4,3.47,8,15,0.0,0,13,1,2,3,66.7,42,0,2,2,1,1,1,0,1,0,0,0,0,0,0,0,0,2,7,0
2,Brodie Kemp,Carlton,Key Forward,20250201,0,0.8,7.75,22,26,0.0,0,92,3,3,6,50.0,48,0,3,1,3,1,2,0,0,0,0,0,1,1,0,0,2,3,11,0
2,Charlie Curnow,Carlton,Key Forward,20250201,0,0.5,10.46,20,16,0.0,0,83,4,1,5,80.0,182,1,2,1,1,0,0,0,0,2,0,0,0,0,0,1,1,0,7,0
2,Blake Acres,Carlton,Midfielder,20250201,0,-1.8,9.51,29,34,0.0,0,84,7,3,10,50.0,203,2,4,2,2,1,2,0,0,1,0,0,1,0,0,0,1,1,7,0
20,Adam Saad,Carlton,Gen. Defender,20252007,0,16.9,10.23,103,83,0.01,0,79,14,4,18,88.9,303,1,7,6,4,3,6,0,2,4,2,0,0,0,0,0,4,5,16,0
20,Will White,Carlton,Gen. Forward,20252007,0,14.7,4.95,82,82,0.01,0,83,8,4,12,83.3,248,1,6,3,4,1,5,0,1,5,0,0,2,2,0,0,4,5,23,0
20,Adam Cerra,Carlton,Midfielder,20252007,0,13.6,10.78,84,85,0.02,0,72,13,6,19,73.7,402,6,10,7,6,5,5,68,1,5,0,0,1,1,0,0,4,3,15,0
20,Patrick Cripps,Carlton,Midfielder,20252007,0,10.7,14.3,75,62,0.07,1,84,4,14,18,77.8,112,0,11,8,4,4,0,84,5,2,0,0,0,0,0,0,3,6,22,1
20,Sam Docherty,Carlton,Midfielder,20252007,0,10.3,8.82,71,75,0.0,0,85,13,3,16,75.0,282,4,3,2,3,2,2,0,0,3,0,0,3,1,2,1,6,3,19,0
20,Charlie Curnow,Carlton,Key Forward,20252007,0,9.2,9.1,69,63,0.0,0,86,9,1,10,70.0,220,3,5,3,5,3,2,0,0,4,0,1,3,2,1,0,3,2,13,0
20,Jesse Motlop,Carlton,Gen. Forward,20252007,0,8.9,7.45,41,33,0.0,0,74,3,7,10,80.0,81,1,6,5,1,1,0,20,4,2,0,0,1,1,0,0,2,0,16,0
20,Marc Pittonet,Carlton,Ruck,20252007,0,8.3,12.5,61,49,0.0,0,44,4,7,11,63.6,86,1,9,3,3,2,0,52,3,2,0,1,0,0,0,0,1,1,1,11
20,Jacob Weitering,Carlton,Key Defender,20252007,0,8.3,9.59,46,37,0.0,0,85,9,3,12,66.7,209,1,8,6,7,5,8,0,1,4,2,1,0,0,0,0,0,0,7,0
20,Harry O'Farrell,Carlton,Key Defender,20252007,0,8.2,5.68,102,103,0.01,0,92,14,5,19,84.2,286,0,3,2,2,1,6,0,0,13,4,1,0,0,0,0,0,3,12,0
20,Oliver Hollands,Carlton,Gen. Defender,20252007,0,8.0,7.15,77,88,0.01,0,93,14,6,20,85.0,453,3,3,2,1,1,1,0,2,7,0,0,0,0,0,0,2,3,20,0
20,Tom De Koning,Carlton,Ruck,20252007,0,7.3,12.49,66,64,0.0,0,81,8,7,15,60.0,225,4,7,3,2,1,1,40,3,3,0,1,1,0,0,0,2,1,6,13
20,Corey Durdin,Carlton,Gen. Forward,20252007,0,7.2,6.4,42,43,0.0,0,70,7,2,9,66.7,193,1,4,3,4,3,2,0,0,2,0,0,1,1,0,1,2,2,14,0
20,Ashton Moir,Carlton,Gen. Forward,20252007,0,6.9,5.38,43,28,0.0,0,82,5,3,8,75.0,90,1,3,3,2,2,1,0,1,1,0,0,1,0,0,1,4,1,11,0
20,Nick Haynes,Carlton,Gen. Defender,20252007,0,6.3,9.39,70,79,0.01,0,93,12,7,19,78.9,318,0,7,4,7,4,8,0,0,7,1,0,0,0,0,0,2,2,11,0
20,Lachie Fogarty,Carlton,Gen. Forward,20252007,0,5.7,8.62,49,43,0.0,0,83,3,7,10,90.0,36,1,2,2,1,1,1,0,0,4,0,0,0,0,0,1,2,2,22,0
20,Blake Acres,Carlton,Midfielder,20252007,0,5.6,8.47,72,77,0.01,0,89,13,8,21,57.1,292,1,8,6,6,4,3,0,1,7,0,2,1,0,0,0,2,1,12,0
20,George Hewett,Carlton,Midfielder,20252007,0,4.2,13.69,109,116,0.11,2,73,15,10,25,64.0,234,5,8,4,3,0,2,72,3,6,1,1,1,0,1,0,3,8,22,0
20,Harry McKay,Carlton,Key Forward,20252007,0,4.0,7.92,31,55,0.0,0,79,8,3,11,36.4,211,1,6,1,2,0,1,8,2,4,1,1,2,1,1,0,2,1,6,1
20,Matthew Carroll,Carlton,Gen. Defender,20252007,0,3.0,6.84,39,38,0.0,0,82,6,3,9,66.7,194,2,2,2,1,1,2,0,1,2,1,0,0,0,0,0,1,2,7,0
20,Lachlan Cowan,Carlton,Gen. Defender,20252007,0,2.8,6.97,51,56,0.0,0,75,8,4,12,91.7,262,3,2,0,2,0,3,0,0,4,1,0,0,0,0,1,3,4,17,0
20,Zac Williams,Carlton,Gen. Forward,20252007,0,2.7,10.38,40,60,0.01,0,84,13,5,18,44.4,299,3,7,7,1,1,1,44,7,3,0,0,2,0,1,0,4,1,13,0
20,Cooper Lord,Carlton,Midfielder,20252007,0,1.4,3.43,27,40,0.0,0,33,4,4,8,50.0,105,2,2,1,0,0,0,12,2,1,0,0,0,0,0,0,1,4,10,0
21,Cooper Lord,Carlton,Midfielder,20252108,0,17.2,8.01,111,87,0.01,0,89,6,16,22,81.8,214,2,14,9,5,5,3,71,3,3,0,0,0,0,0,0,2,8,22,0
21,Marc Pittonet,Carlton,Ruck,20252108,0,15.9,12.42,92,69,0.0,0,60,3,12,15,73.3,142,2,7,5,2,2,4,71,2,2,1,0,0,0,0,1,3,4,5,23
21,Patrick Cripps,Carlton,Midfielder,20252108,8,15.3,14.12,125,134,2.23,47,83,18,18,36,52.8,452,8,21,12,8,6,4,89,9,3,0,1,0,0,0,0,7,9,21,0
21,George Hewett,Carlton,Midfielder,20252108,4,13.4,12.3,120,122,0.68,9,84,21,15,36,66.7,399,5,15,6,5,4,3,86,7,1,0,0,0,0,0,1,5,6,21,0
21,Francis Evans,Carlton,Gen. Forward,20252108,0,13.0,5.64,78,67,0.0,0,74,7,5,12,66.7,156,2,7,5,5,3,1,0,1,3,0,2,3,2,1,1,4,5,16,0
21,Lachie Fogarty,Carlton,Gen. Forward,20252108,0,11.2,8.48,78,61,0.0,0,81,6,11,17,58.8,183,1,7,5,5,3,2,0,1,0,0,0,1,1,0,0,4,4,21,0
21,Zac Williams,Carlton,Gen. Forward,20252108,0,11.0,10.12,79,76,0.0,0,82,14,4,18,66.7,328,3,6,3,2,2,3,29,3,4,1,0,1,1,0,2,4,2,13,0
21,Lewis Young,Carlton,Key Defender,20252108,0,9.6,7.22,87,51,0.0,0,92,7,9,16,81.3,215,0,7,4,7,4,9,0,0,5,2,1,0,0,0,0,1,1,3,0
21,Harry McKay,Carlton,Key Forward,20252108,0,9.3,8.15,86,90,0.0,0,93,9,3,12,50.0,221,1,8,2,7,1,0,0,1,4,0,3,3,1,1,0,4,10,21,1
21,Jacob Weitering,Carlton,Key Defender,20252108,0,9.3,9.37,81,44,0.0,0,100,7,6,13,84.6,171,0,6,3,5,3,5,0,1,4,1,1,0,0,0,0,1,0,9,0
21,Blake Acres,Carlton,Midfielder,20252108,0,9.2,8.43,68,62,0.0,0,79,10,6,16,75.0,305,5,5,4,4,3,3,0,1,3,0,0,1,1,0,0,3,2,13,0
21,Lachlan Cowan,Carlton,Gen. Defender,20252108,0,8.4,7.11,78,76,0.0,0,81,12,4,16,93.8,278,0,3,2,2,1,7,0,0,6,4,0,0,0,0,0,0,4,9,0
21,Oliver Hollands,Carlton,Gen. Defender,20252108,0,7.7,7.25,57,57,0.0,0,90,9,10,19,57.9,383,4,6,6,4,4,3,0,1,1,0,0,0,0,0,0,1,3,20,0
21,Adam Saad,Carlton,Gen. Defender,20252108,0,7.3,10.5,72,70,0.0,0,78,10,6,16,81.3,181,0,3,2,2,2,5,0,2,1,0,0,0,0,0,0,2,6,18,0
21,Flynn Young,Carlton,Gen. Forward,20252108,0,7.1,4.06,57,48,0.0,0,71,5,7,12,50.0,151,2,8,6,4,4,2,0,3,1,0,0,0,0,0,0,1,4,18,0
21,Tom De Koning,Carlton,Ruck,20252108,0,6.7,12.27,74,86,0.0,0,81,8,10,18,77.8,188,3,8,4,3,1,1,29,4,4,1,2,0,0,0,0,2,3,8,27
21,Nick Haynes,Carlton,Gen. Defender,20252108,1,6.5,9.26,75,90,0.01,0,90,14,9,23,65.2,364,2,5,4,4,3,9,0,1,7,5,0,1,0,0,0,2,2,6,0
21,Jesse Motlop,Carlton,Gen. Forward,20252108,0,6.0,7.45,41,43,0.0,0,82,5,2,7,57.1,111,1,4,1,2,1,0,18,2,2,0,1,2,1,0,0,2,5,19,0
21,Harry O'Farrell,Carlton,Key Defender,20252108,0,5.9,6.09,27,20,0.0,0,37,3,1,4,100.0,151,1,0,0,0,0,2,0,0,2,2,0,1,1,0,0,2,0,1,0
21,Corey Durdin,Carlton,Gen. Forward,20252108,0,3.5,3.08,57,48,0.0,0,41,9,2,11,45.5,212,2,4,4,2,2,0,0,1,2,0,0,2,1,1,0,4,1,5,0
21,Ashton Moir,Carlton,Gen. Forward,20252108,0,3.2,5.74,54,56,0.0,0,75,6,5,11,45.5,109,0,5,5,3,3,0,7,0,3,0,0,3,1,1,0,2,3,9,0
21,Matthew Carroll,Carlton,Gen. Defender,20252108,0,1.7,6.1,31,38,0.0,0,81,8,0,8,50.0,198,1,1,0,1,0,5,0,0,4,4,0,0,0,0,1,2,1,6,0
21,Will White,Carlton,Gen. Forward,20252108,0,0.2,5.67,40,42,0.0,0,73,2,6,8,62.5,33,1,3,3,3,3,2,0,0,1,0,0,1,0,1,0,1,5,17,0
22,Francis Evans,Carlton,Gen. Forward,20252204,3,24.5,6.57,106,93,0.21,0,81,12,4,16,81.3,466,4,6,3,4,2,2,0,2,5,1,1,4,4,0,2,7,2,10,0
22,Cooper Lord,Carlton,Midfielder,20252204,2,17.4,8.93,121,112,0.09,0,85,13,11,24,58.3,431,6,10,5,0,0,0,82,7,1,0,0,0,0,0,0,7,12,18,0
22,Harry McKay,Carlton,Key Forward,20252204,0,11.3,8.3,79,74,0.01,0,90,7,6,13,69.2,164,3,7,3,6,3,2,4,1,6,0,3,4,3,0,1,6,3,7,2
22,Jesse Motlop,Carlton,Gen. Forward,20252204,0,11.2,7.37,51,48,0.0,0,79,9,3,12,50.0,266,2,7,6,7,6,1,14,0,1,0,0,3,1,1,0,5,3,15,0
22,Adam Saad,Carlton,Gen. Defender,20252204,0,10.5,10.26,103,76,0.0,0,79,15,7,22,90.9,428,2,5,3,3,2,5,0,2,2,0,0,0,0,0,0,2,3,15,0
22,Billy Wilson,Carlton,Gen. Defender,20252204,0,8.9,4.78,54,39,0.0,0,73,4,5,9,100.0,163,1,5,3,5,3,6,0,0,1,0,0,0,0,0,0,3,3,13,0
22,Blake Acres,Carlton,Midfielder,20252204,0,8.5,8.3,83,78,0.0,0,90,10,5,15,40.0,327,2,9,8,7,6,5,0,0,3,1,0,0,0,0,1,1,7,17,0
22,George Hewett,Carlton,Midfielder,20252204,0,8.2,13.2,82,79,0.01,0,80,5,18,23,65.2,128,1,13,6,4,4,2,75,7,2,0,0,0,0,0,0,2,6,18,0
22,Zac Williams,Carlton,Gen. Forward,20252204,0,7.9,10.15,59,47,0.0,0,82,10,7,17,64.7,384,4,11,8,5,5,4,43,6,1,0,0,1,0,0,2,5,3,11,0
22,Nick Haynes,Carlton,Gen. Defender,20252204,0,7.1,9.15,55,60,0.0,0,87,10,4,14,71.4,310,3,2,1,2,1,1,0,0,3,0,0,0,0,0,0,0,3,14,0
22,Tom De Koning,Carlton,Ruck,20252204,0,6.9,11.97,75,68,0.0,0,75,8,7,15,66.7,228,4,7,3,1,0,3,82,4,3,2,1,0,0,0,0,1,2,8,22
22,Lachlan Cowan,Carlton,Gen. Defender,20252204,0,6.9,7.24,110,88,0.0,0,84,14,8,22,81.8,453,2,5,4,5,4,3,0,0,5,0,0,0,0,0,0,2,3,8,0
22,Oliver Hollands,Carlton,Gen. Defender,20252204,0,6.9,7.29,109,100,0.02,0,85,16,13,29,69.0,626,4,9,9,7,7,7,0,1,5,0,0,0,0,0,2,4,4,10,0
22,Flynn Young,Carlton,Gen. Forward,20252204,0,6.7,4.35,34,27,0.0,0,72,6,3,9,77.8,214,0,2,1,1,1,0,0,1,3,0,0,1,0,0,0,1,0,13,0
22,Jacob Weitering,Carlton,Key Defender,20252204,0,6.7,9.38,56,32,0.0,0,100,5,2,7,85.7,140,0,3,1,3,1,5,0,0,1,1,0,0,0,0,0,1,2,4,0
22,Ashton Moir,Carlton,Gen. Forward,20252204,0,4.0,5.3,42,38,0.0,0,76,3,6,9,66.7,57,0,6,4,5,4,1,11,0,3,0,1,2,1,1,0,2,1,10,0
22,Matthew Carroll,Carlton,Gen. Defender,20252204,0,4.0,5.73,43,40,0.0,0,78,8,4,12,75.0,303,2,2,1,2,1,3,0,0,2,0,0,0,0,0,0,2,0,1,0
22,Hudson O'Keeffe,Carlton,Key Forward,20252204,0,3.5,4.24,32,25,0.0,0,71,3,1,4,50.0,38,0,3,0,2,0,0,14,0,1,0,1,2,1,1,0,2,0,6,6
22,Lewis Young,Carlton,Key Defender,20252204,0,3.0,7.39,52,34,0.0,0,94,5,3,8,75.0,88,0,5,4,5,4,8,0,0,5,4,1,0,0,0,0,0,1,7,0
22,Lachie Fogarty,Carlton,Gen. Forward,20252204,0,2.1,8.57,69,56,0.0,0,76,5,5,10,70.0,79,0,5,4,4,4,1,0,0,3,0,0,3,1,2,0,4,4,9,0
22,Will White,Carlton,Gen. Forward,20252204,0,1.9,4.87,25,31,0.0,0,53,5,0,5,40.0,161,2,1,1,1,1,1,0,0,0,0,0,0,0,0,0,0,4,12,0
22,Corey Durdin,Carlton,Gen. Forward,20252204,0,1.0,3.01,15,20,0.0,0,26,1,2,3,66.7,19,0,2,2,2,2,1,0,0,0,0,0,1,0,1,0,1,3,5,0
22,Patrick Cripps,Carlton,Midfielder,20252204,0,0.6,14.13,81,94,0.11,0,83,3,24,27,70.4,186,4,7,6,1,1,0,75,4,4,0,0,2,0,1,0,5,8,23,0
23,Harry McKay,Carlton,Key Forward,20252305,10,33.3,8.41,187,122,3.0,100,94,11,10,21,90.5,268,2,15,6,11,6,1,3,3,6,0,3,8,7,0,1,15,2,6,2
23,Zac Williams,Carlton,Gen. Forward,20252305,3,20.7,10.12,130,77,0.04,0,77,12,8,20,80.0,337,5,13,11,8,6,3,16,3,3,0,1,2,2,0,1,6,1,8,0
23,Jacob Weitering,Carlton,Key Defender,20252305,0,18.1,9.26,80,56,0.0,0,94,11,2,13,92.3,195,2,5,2,5,2,7,0,0,7,4,2,0,0,0,1,3,0,2,0
23,Patrick Cripps,Carlton,Midfielder,20252305,2,15.9,13.57,122,88,0.71,0,86,10,12,22,68.2,278,4,10,6,2,1,2,77,5,2,0,1,3,2,1,0,8,4,15,0
23,George Hewett,Carlton,Midfielder,20252305,6,14.1,12.09,128,110,1.26,0,81,17,18,35,74.3,397,6,17,10,3,3,1,77,11,3,0,0,0,0,0,0,7,4,10,0
23,Tom De Koning,Carlton,Ruck,20252305,0,13.7,11.62,103,67,0.0,0,74,8,3,11,90.9,263,4,6,2,1,0,1,68,5,4,1,1,1,1,0,0,4,2,8,19
23,Lewis Young,Carlton,Key Defender,20252305,0,12.5,7.17,68,56,0.0,0,96,9,4,13,92.3,207,2,2,2,2,2,4,0,0,7,2,0,0,0,0,0,2,0,5,0
23,Sam Walsh,Carlton,Midfielder,20252305,8,11.8,12.56,112,76,0.88,0,66,11,17,28,82.1,403,6,10,8,4,3,1,52,5,4,0,0,2,0,2,2,9,0,9,0
23,Nick Haynes,Carlton,Gen. Defender,20252305,0,11.5,9.0,102,87,0.01,0,87,17,6,23,56.5,433,4,7,5,6,4,5,0,1,6,3,1,1,0,1,1,4,1,7,0
23,Cooper Lord,Carlton,Midfielder,20252305,0,9.4,9.7,74,54,0.01,0,52,8,8,16,62.5,210,2,7,5,1,1,0,58,4,1,0,0,0,0,0,2,6,3,8,0
23,Hudson O'Keeffe,Carlton,Key Forward,20252305,0,8.7,4.02,76,56,0.0,0,84,6,4,10,60.0,101,0,6,2,4,1,0,29,0,4,0,3,2,1,1,0,7,1,6,10
23,Oliver Hollands,Carlton,Gen. Defender,20252305,0,8.6,7.25,75,74,0.0,0,86,12,8,20,95.0,284,5,2,2,2,2,2,0,0,6,0,0,0,0,0,0,6,1,15,0
23,Flynn Young,Carlton,Gen. Forward,20252305,0,8.5,4.68,59,74,0.01,0,76,10,5,15,53.3,290,2,3,3,3,3,0,0,1,3,0,0,2,2,0,0,4,3,14,0
23,Francis Evans,Carlton,Gen. Forward,20252305,1,8.0,7.55,104,80,0.01,0,87,7,8,15,80.0,188,2,5,4,4,3,1,0,1,3,0,0,4,2,1,1,8,5,17,0
23,Matthew Carroll,Carlton,Gen. Defender,20252305,0,6.8,5.95,65,59,0.0,0,80,9,3,12,100.0,294,1,4,2,4,2,4,0,0,6,2,1,0,0,0,0,2,2,10,0
23,Lachlan Cowan,Carlton,Gen. Defender,20252305,0,6.4,7.27,91,89,0.01,0,77,14,6,20,80.0,333,2,4,2,4,2,5,0,0,10,2,2,0,0,0,0,3,2,4,0
23,Lachie Fogarty,Carlton,Gen. Forward,20252305,0,5.6,8.43,42,47,0.0,0,80,8,6,14,64.3,248,5,5,5,5,5,2,0,0,2,0,0,0,0,0,1,5,2,13,0
23,Jesse Motlop,Carlton,Gen. Forward,20252305,0,5.3,7.24,55,41,0.0,0,73,5,3,8,62.5,52,1,5,4,3,2,1,16,2,2,0,0,2,0,1,1,5,4,14,0
23,Ashton Moir,Carlton,Gen. Forward,20252305,0,5.1,5.3,59,43,0.0,0,79,5,3,8,75.0,162,1,4,2,4,2,1,3,0,3,0,1,3,1,1,0,4,2,14,0
23,Adam Saad,Carlton,Gen. Defender,20252305,0,4.9,10.22,39,26,0.0,0,85,5,4,9,88.9,156,0,3,2,3,2,3,0,0,1,0,0,0,0,0,0,2,0,7,0
23,Billy Wilson,Carlton,Gen. Defender,20252305,0,4.2,5.05,38,47,0.0,0,76,8,5,13,69.2,234,3,3,3,3,3,3,0,0,3,0,0,0,0,0,0,4,1,9,0
23,Blake Acres,Carlton,Midfielder,20252305,0,3.3,8.36,83,84,0.01,0,82,14,9,23,60.9,301,4,6,5,6,5,3,0,0,5,0,1,1,0,1,2,5,2,22,0
23,Corey Durdin,Carlton,Gen. Forward,20252305,0,1.7,3.06,16,19,0.0,0,26,4,2,6,83.3,120,2,1,1,1,1,1,0,0,2,0,0,0,0,0,1,1,0,5,0
3,Tom De Koning,Carlton,Ruck,20250302,8,18.0,13.9,133,130,1.38,21,81,12,16,28,71.4,315,4,19,6,7,4,8,88,7,8,4,2,0,0,0,2,6,4,9,28
3,Brodie Kemp,Carlton,Key Forward,20250302,3,15.4,7.3,103,104,0.41,5,87,10,2,12,50.0,315,2,4,1,4,1,1,0,0,7,0,0,6,5,1,0,8,4,10,0
3,Adam Cerra,Carlton,Midfielder,20250302,0,15.1,12.14,98,83,0.04,0,75,16,10,26,73.1,502,9,14,8,3,2,5,62,8,2,2,0,0,0,0,0,6,4,18,0
3,George Hewett,Carlton,Midfielder,20250302,0,13.9,12.77,126,116,0.05,0,79,12,15,27,74.1,212,2,13,9,4,2,1,73,8,4,0,1,0,0,0,1,6,9,19,0
3,Jack Silvagni,Carlton,Key Defender,20250302,0,13.2,10.26,76,75,0.0,0,88,11,5,16,87.5,212,1,5,3,5,3,8,0,0,9,4,1,0,0,0,0,3,1,5,0
3,Sam Walsh,Carlton,Midfielder,20250302,0,13.0,11.83,86,80,0.03,0,79,14,12,26,73.1,507,7,11,10,6,5,4,65,5,1,0,0,1,0,1,0,5,3,18,0
3,Sam Docherty,Carlton,Midfielder,20250302,0,11.1,8.76,69,76,0.0,0,89,11,4,15,80.0,251,3,3,3,3,3,3,0,1,5,0,0,1,0,0,0,5,5,21,0
3,Charlie Curnow,Carlton,Key Forward,20250302,0,10.7,9.7,51,64,0.0,0,85,7,1,8,62.5,172,1,3,1,3,1,0,0,0,3,0,1,4,3,1,0,5,3,6,0
3,Jesse Motlop,Carlton,Gen. Forward,20250302,0,10.0,7.66,64,51,0.0,0,78,7,2,9,88.9,144,2,4,3,3,2,2,15,1,1,0,0,2,1,1,1,7,5,11,0
3,Matthew Cottrell,Carlton,Mid-Forward,20250302,0,9.1,8.14,73,53,0.0,0,92,8,6,14,71.4,336,4,7,6,7,6,1,0,0,4,0,0,1,0,1,2,5,1,8,0
3,Jacob Weitering,Carlton,Key Defender,20250302,0,8.7,11.43,67,63,0.0,0,96,10,4,14,92.9,106,0,6,3,6,3,7,0,0,9,3,3,0,0,0,0,2,1,2,0
3,Patrick Cripps,Carlton,Midfielder,20250302,0,8.6,16.88,84,80,0.07,0,81,5,16,21,61.9,135,4,12,6,3,2,2,77,6,2,1,0,0,0,0,1,6,8,25,0
3,Lachlan Cowan,Carlton,Gen. Defender,20250302,0,7.7,6.62,63,61,0.0,0,77,8,5,13,92.3,228,2,4,4,2,2,2,0,2,6,0,0,0,0,0,0,2,3,12,0
3,Zac Williams,Carlton,Gen. Forward,20250302,0,7.1,8.93,26,20,0.0,0,20,3,5,8,62.5,187,1,5,4,3,2,1,0,1,0,0,0,0,0,0,1,1,0,0,0
3,Lachie Fogarty,Carlton,Gen. Forward,20250302,0,6.9,7.87,58,59,0.0,0,68,6,5,11,54.5,215,4,3,2,3,2,0,8,0,1,0,0,0,0,0,0,3,7,18,0
3,Adam Saad,Carlton,Gen. Defender,20250302,0,5.7,11.61,72,79,0.01,0,86,15,4,19,73.7,444,1,3,2,0,0,3,0,2,5,2,0,1,0,1,0,3,3,12,0
3,Mitch McGovern,Carlton,Gen. Defender,20250302,0,4.9,8.61,32,49,0.0,0,82,10,1,11,45.5,287,0,2,2,2,2,4,0,0,4,1,0,0,0,0,0,0,1,14,0
3,Nick Haynes,Carlton,Gen. Defender,20250302,0,4.2,6.5,73,89,0.01,0,82,16,1,17,58.8,521,1,2,0,1,0,4,0,1,10,4,1,0,0,0,0,1,2,9,0
3,Oliver Hollands,Carlton,Gen. Defender,20250302,0,3.9,7.31,44,52,0.0,0,88,7,5,12,66.7,134,1,4,4,3,3,2,0,0,6,0,0,0,0,0,0,1,3,21,0
3,Francis Evans,Carlton,Gen. Forward,20250302,0,3.0,5.75,33,21,0.0,0,61,5,2,7,57.1,167,3,4,3,2,2,0,0,1,1,0,0,0,0,0,1,4,1,6,0
3,Jordan Boyd,Carlton,Gen. Defender,20250302,0,2.5,3.0,39,37,0.0,0,55,6,3,9,88.9,202,0,2,2,2,2,2,0,0,3,0,0,0,0,0,0,1,1,7,0
3,Lewis Young,Carlton,Key Defender,20250302,0,1.8,8.58,50,66,0.0,0,85,4,4,8,37.5,88,0,3,1,3,1,0,12,0,5,0,2,3,2,1,0,3,4,5,8
3,Blake Acres,Carlton,Midfielder,20250302,0,-1.1,8.9,25,64,0.0,0,86,11,4,15,33.3,408,4,2,1,2,1,1,0,0,4,0,0,0,0,0,0,1,4,18,0
4,Adam Saad,Carlton,Gen. Defender,20250401,1,15.9,11.33,109,83,0.03,0,75,18,6,24,79.2,373,3,7,6,4,3,8,0,1,3,2,1,0,0,0,1,4,2,13,0
4,George Hewett,Carlton,Midfielder,20250401,1,15.7,12.82,125,109,0.72,12,81,15,14,29,69.0,448,2,17,13,5,4,4,56,7,2,0,0,3,2,1,0,4,6,14,0
4,Mitch McGovern,Carlton,Gen. Defender,20250401,0,12.1,8.39,69,69,0.0,0,81,11,5,16,75.0,271,2,5,4,4,3,6,0,1,6,3,1,0,0,0,0,3,2,12,0
4,Tom De Koning,Carlton,Ruck,20250401,0,12.0,14.26,101,82,0.02,0,78,7,12,19,63.2,225,4,17,6,4,1,3,78,6,2,2,2,1,0,1,0,4,2,7,31
4,Zac Williams,Carlton,Gen. Forward,20250401,0,12.0,8.62,75,83,0.01,0,81,14,7,21,52.4,555,1,6,6,4,4,6,6,3,5,0,0,0,0,0,0,3,3,12,0
4,Nick Haynes,Carlton,Gen. Defender,20250401,0,11.5,5.93,64,54,0.0,0,84,7,5,12,91.7,163,1,6,4,4,2,5,0,1,6,1,1,0,0,0,0,2,1,6,0
4,Blake Acres,Carlton,Midfielder,20250401,0,11.1,8.29,123,104,0.03,0,84,11,19,30,56.7,235,1,12,11,5,5,4,0,3,4,1,0,0,0,0,0,2,5,21,0
4,Jacob Weitering,Carlton,Key Defender,20250401,0,11.0,11.19,74,67,0.0,0,100,9,5,14,85.7,174,0,6,3,6,3,7,0,0,7,2,2,0,0,0,0,2,2,10,0
4,Oliver Hollands,Carlton,Gen. Defender,20250401,0,10.8,7.12,82,87,0.03,0,85,14,7,21,76.2,424,3,6,5,4,4,1,0,1,5,0,0,3,2,1,0,4,2,16,0
4,Adam Cerra,Carlton,Midfielder,20250401,0,10.5,12.29,99,105,0.02,0,78,14,9,23,78.3,348,5,7,4,1,0,1,56,4,9,1,0,0,0,0,0,7,5,27,0
4,Sam Walsh,Carlton,Midfielder,20250401,0,9.3,12.75,108,137,0.22,4,88,14,17,31,71.0,177,0,8,5,2,1,1,61,3,7,0,0,0,0,0,0,3,10,26,0
4,Sam Docherty,Carlton,Midfielder,20250401,0,9.2,9.19,82,111,0.02,0,86,20,7,27,63.0,671,6,6,4,4,3,6,0,2,9,1,0,0,0,0,0,2,2,11,0
4,Jesse Motlop,Carlton,Gen. Forward,20250401,0,8.7,7.93,37,46,0.0,0,82,6,5,11,45.5,153,2,6,3,5,3,1,17,0,1,0,0,1,0,1,0,1,3,23,0
4,Cooper Lord,Carlton,Midfielder,20250401,0,7.1,7.23,74,74,0.0,0,70,9,9,18,72.2,268,1,5,5,2,2,0,28,0,7,0,0,0,0,0,1,6,2,16,0
4,Patrick Cripps,Carlton,Midfielder,20250401,0,7.0,16.26,56,53,0.03,0,80,9,7,16,56.3,154,1,6,3,4,2,0,78,2,0,0,0,1,1,0,0,4,1,18,0
4,Charlie Curnow,Carlton,Key Forward,20250401,0,6.9,9.4,48,37,0.0,0,95,7,1,8,37.5,264,3,6,3,6,3,0,0,0,3,0,2,2,1,1,0,2,0,5,0
4,Jack Silvagni,Carlton,Key Defender,20250401,0,6.3,10.63,71,74,0.0,0,95,10,3,13,46.2,251,1,5,3,5,3,5,0,0,4,1,1,0,0,0,0,1,7,13,0
4,Lewis Young,Carlton,Key Defender,20250401,0,4.2,7.93,67,64,0.0,0,79,5,5,10,60.0,56,1,2,2,1,1,1,22,1,4,0,0,0,0,0,0,2,5,9,7
4,Lachie Fogarty,Carlton,Gen. Forward,20250401,0,3.6,8.25,58,49,0.0,0,75,5,6,11,54.5,140,3,7,6,4,4,0,0,2,0,0,0,1,0,1,1,3,5,16,0
4,Lachlan Cowan,Carlton,Gen. Defender,20250401,0,0.6,7.12,15,10,0.0,0,15,0,1,1,0.0,-2,0,1,1,0,0,0,0,0,0,0,0,0,0,0,0,0,2,4,0
4,Ashton Moir,Carlton,Gen. Forward,20250401,0,0.3,2.69,1,5,0.0,0,55,1,1,2,50.0,7,0,1,0,0,0,1,0,0,0,0,0,1,0,0,0,0,0,5,0
4,Will White,Carlton,Gen. Forward,20250401,0,-1.3,5.38,29,45,0.0,0,68,9,1,10,40.0,258,3,4,3,3,3,1,0,1,5,0,0,3,0,3,0,5,0,14,0
4,Brodie Kemp,Carlton,Key Forward,20250401,0,-6.0,7.43,15,37,0.0,0,87,5,2,7,57.1,52,1,1,0,1,0,1,0,0,4,0,0,1,0,0,1,2,2,11,0
5,Sam Walsh,Carlton,Midfielder,20250503,10,20.8,12.63,141,126,2.83,84,84,13,24,37,78.4,422,4,11,10,4,4,2,59,5,6,0,0,3,3,0,0,13,1,14,0
5,Mitch McGovern,Carlton,Gen. Defender,20250503,3,19.9,8.64,125,100,0.02,0,87,20,3,23,95.7,668,1,3,1,3,1,6,0,0,7,1,0,1,1,0,0,8,2,3,0
5,Tom De Koning,Carlton,Ruck,20250503,0,18.7,14.17,118,75,0.0,0,81,6,8,14,78.6,214,4,6,2,0,0,0,85,3,3,0,0,0,0,0,0,6,3,7,22
5,Adam Cerra,Carlton,Midfielder,20250503,4,18.4,11.41,117,101,0.11,0,78,10,17,27,77.8,339,4,14,9,4,3,3,78,8,5,1,0,0,0,0,2,10,5,24,0
5,George Hewett,Carlton,Midfielder,20250503,8,18.2,12.92,132,121,1.78,13,80,17,22,39,76.9,440,7,13,9,2,1,1,70,8,8,0,1,0,0,0,1,14,1,10,0
5,Corey Durdin,Carlton,Gen. Forward,20250503,0,18.1,5.86,91,78,0.01,0,83,8,3,11,72.7,250,4,3,3,2,2,0,0,1,5,0,0,5,4,1,0,7,2,11,0
5,Patrick Cripps,Carlton,Midfielder,20250503,2,18.0,15.49,114,84,1.21,4,81,11,12,23,73.9,357,4,13,5,5,3,1,56,6,3,0,2,6,3,3,1,13,0,8,2
5,Matthew Cottrell,Carlton,Mid-Forward,20250503,1,13.8,8.35,83,82,0.01,0,86,17,2,19,68.4,495,10,2,1,2,1,2,0,0,8,1,0,2,0,2,2,9,0,9,0
5,Nick Haynes,Carlton,Gen. Defender,20250503,0,13.8,6.35,96,90,0.01,0,84,16,5,21,90.5,426,2,7,3,7,3,9,0,0,10,3,2,0,0,0,0,6,0,3,0
5,Jacob Weitering,Carlton,Key Defender,20250503,2,12.5,11.19,91,63,0.0,0,94,12,3,15,93.3,135,0,9,4,9,4,11,0,0,7,4,2,0,0,0,0,4,0,2,0
5,Lachie Fogarty,Carlton,Gen. Forward,20250503,0,11.8,7.99,60,60,0.0,0,83,6,6,12,66.7,147,2,6,4,6,4,1,0,0,3,0,1,2,1,1,0,5,4,14,0
5,Adam Saad,Carlton,Gen. Defender,20250503,0,11.7,11.49,116,91,0.01,0,78,19,6,25,84.0,455,7,6,5,4,4,3,0,1,7,0,0,0,0,0,0,9,0,10,0
5,Jack Silvagni,Carlton,Key Defender,20250503,0,11.4,10.39,95,61,0.0,0,93,12,3,15,93.3,129,1,6,3,6,3,9,0,0,7,3,2,0,0,0,0,4,0,2,0
5,Jesse Motlop,Carlton,Gen. Forward,20250503,0,9.1,8.21,67,68,0.0,0,81,11,6,17,76.5,269,1,6,4,3,3,1,26,3,4,0,0,1,0,1,1,6,3,21,0
5,Oliver Hollands,Carlton,Gen. Defender,20250503,0,8.1,7.19,82,83,0.0,0,81,13,4,17,76.5,414,4,2,2,1,1,4,0,0,10,2,0,0,0,0,2,7,3,18,0
5,Charlie Curnow,Carlton,Key Forward,20250503,0,6.0,9.29,98,85,0.01,0,81,13,1,14,42.9,390,4,6,3,6,3,1,0,0,9,0,3,6,2,4,0,9,1,6,0
5,Will White,Carlton,Gen. Forward,20250503,0,4.5,5.13,53,69,0.0,0,84,9,6,15,60.0,214,0,3,3,2,2,0,0,0,6,0,0,3,1,1,2,6,2,8,0
5,Brodie Kemp,Carlton,Key Forward,20250503,0,4.3,6.32,58,36,0.0,0,64,4,6,10,70.0,87,2,4,4,4,4,0,11,0,2,0,0,2,0,1,2,5,2,8,0
5,Cooper Lord,Carlton,Midfielder,20250503,0,3.3,3.64,50,64,0.0,0,64,9,6,15,66.7,313,6,3,1,1,1,0,0,1,5,0,0,1,1,0,1,6,1,8,0
5,Matthew Carroll,Carlton,Gen. Defender,20250503,0,2.3,5.72,60,68,0.0,0,83,12,0,12,75.0,251,2,1,1,0,0,2,0,1,8,2,0,0,0,0,0,2,2,6,0
5,Sam Docherty,Carlton,Midfielder,20250503,0,2.3,9.23,67,87,0.01,0,81,11,11,22,63.6,306,1,4,2,1,1,0,0,2,6,0,0,1,1,0,0,4,2,8,0
5,Harry McKay,Carlton,Key Forward,20250503,0,1.2,8.73,13,13,0.0,0,11,2,2,4,25.0,35,0,4,2,2,2,1,4,1,0,0,0,1,0,1,0,1,0,1,2
5,Zac Williams,Carlton,Gen. Forward,20250503,0,0.7,9.58,49,65,0.0,0,79,9,5,14,50.0,210,3,4,2,4,2,1,11,0,7,0,1,3,0,2,1,7,1,7,0
6,George Hewett,Carlton,Midfielder,20250602,10,26.4,13.24,171,123,2.69,74,86,13,21,34,82.4,417,6,21,13,5,3,2,82,12,1,0,0,1,1,0,2,8,9,15,0
6,Jesse Motlop,Carlton,Gen. Forward,20250602,2,20.4,8.48,91,95,0.09,0,80,10,3,13,69.2,223,3,6,2,4,1,2,13,1,1,0,1,4,3,0,1,6,9,29,0
6,Sam Walsh,Carlton,Midfielder,20250602,0,17.8,12.9,107,85,0.06,0,79,8,14,22,68.2,286,5,12,11,6,5,4,47,3,3,0,1,0,0,0,1,4,6,24,0
6,Adam Cerra,Carlton,Midfielder,20250602,7,17.1,12.66,110,109,1.42,15,78,16,12,28,64.3,555,8,12,8,4,3,1,71,5,4,0,0,2,1,1,0,9,4,17,0
6,Matthew Cottrell,Carlton,Mid-Forward,20250602,0,16.5,8.81,89,75,0.01,0,89,15,5,20,75.0,421,5,7,6,5,4,5,0,3,4,0,0,0,0,0,1,6,2,6,0
6,Tom De Koning,Carlton,Ruck,20250602,4,16.2,14.51,100,62,0.07,0,78,7,4,11,63.6,195,4,9,3,1,0,1,79,5,1,1,1,3,1,0,0,7,2,9,24
6,Will White,Carlton,Gen. Forward,20250602,0,16.1,4.95,79,72,0.03,0,74,10,2,12,75.0,199,2,5,3,4,2,0,0,0,1,0,0,4,3,1,1,8,5,18,0
6,Zac Williams,Carlton,Gen. Forward,20250602,2,15.5,9.29,77,79,0.43,3,82,10,4,14,57.1,234,1,6,5,3,3,0,8,3,1,0,0,6,4,1,0,5,4,12,0
6,Lewis Young,Carlton,Key Defender,20250602,0,15.4,7.53,90,78,0.01,0,90,9,8,17,76.5,247,2,10,6,9,5,3,21,1,3,0,1,1,1,0,1,5,3,15,8
6,Charlie Curnow,Carlton,Key Forward,20250602,5,11.8,9.22,105,90,0.8,6,73,11,4,15,66.7,231,1,8,5,8,5,2,0,0,5,0,2,7,4,3,1,11,2,9,0
6,Mitch McGovern,Carlton,Gen. Defender,20250602,0,11.0,9.32,84,89,0.01,0,81,12,6,18,72.2,323,2,6,5,6,5,7,0,0,8,1,0,0,0,0,0,2,4,8,0
6,Corey Durdin,Carlton,Gen. Forward,20250602,0,10.7,7.2,98,84,0.01,0,82,8,3,11,72.7,150,0,6,2,5,2,1,0,1,6,0,1,4,2,2,0,5,5,13,0
6,Jack Silvagni,Carlton,Key Defender,20250602,0,10.3,10.56,93,86,0.03,0,96,15,3,18,72.2,427,3,4,1,3,1,7,0,1,7,4,1,0,0,0,0,4,3,6,0
6,Jacob Weitering,Carlton,Key Defender,20250602,0,9.8,11.18,74,57,0.02,0,74,12,1,13,84.6,333,2,3,2,3,2,7,0,0,7,4,1,0,0,0,0,2,1,1,0
6,Nick Haynes,Carlton,Gen. Defender,20250602,0,9.7,7.34,70,69,0.01,0,89,9,3,12,91.7,197,0,4,1,3,1,4,0,1,7,1,0,0,0,0,0,2,3,13,0
6,Patrick Cripps,Carlton,Midfielder,20250602,0,8.9,15.64,82,82,0.14,1,80,7,10,17,58.8,106,3,7,4,2,2,1,66,5,1,0,0,1,1,0,0,6,9,15,0
6,Matthew Carroll,Carlton,Gen. Defender,20250602,0,8.1,4.85,64,52,0.01,0,77,11,3,14,85.7,310,3,3,3,2,2,2,0,1,3,0,0,0,0,0,2,5,1,4,0
6,Blake Acres,Carlton,Midfielder,20250602,0,7.3,7.92,78,88,0.06,0,83,12,10,22,72.7,318,4,6,4,3,2,1,0,1,6,1,1,2,1,0,0,6,2,13,0
6,Cooper Lord,Carlton,Midfielder,20250602,0,6.3,3.02,25,39,0.0,0,22,3,3,6,83.3,112,2,2,1,1,1,1,11,1,2,0,0,2,2,0,0,5,1,6,0
6,Adam Saad,Carlton,Gen. Defender,20250602,0,4.6,11.43,49,43,0.01,0,81,11,3,14,85.7,284,3,0,0,0,0,1,0,0,2,1,0,0,0,0,0,6,1,9,0
6,Lachie Fogarty,Carlton,Gen. Forward,20250602,0,3.8,7.82,58,69,0.0,0,75,6,8,14,57.1,143,2,5,4,5,4,4,0,0,6,0,1,1,0,1,1,3,4,11,0
6,Elijah Hollands,Carlton,Gen. Forward,20250602,0,2.0,9.53,38,33,0.0,0,63,4,6,10,70.0,159,2,4,2,2,1,2,3,2,1,0,0,0,0,0,0,0,1,13,0
6,Oliver Hollands,Carlton,Gen. Defender,20250602,0,1.1,7.24,53,55,0.01,0,88,7,7,14,71.4,80,1,5,4,5,4,5,0,0,5,1,1,0,0,0,1,1,2,16,0
7,Elijah Hollands,Carlton,Gen. Forward,20250708,0,20.3,8.35,101,98,0.03,0,83,16,9,25,80.0,429,2,10,8,8,7,2,0,2,3,0,0,1,1,0,0,6,4,15,0
7,Tom De Koning,Carlton,Ruck,20250708,0,19.3,14.58,135,117,0.15,2,86,12,8,20,70.0,328,3,14,5,3,2,4,83,5,2,1,1,2,1,0,0,8,3,11,39
7,Jack Silvagni,Carlton,Key Defender,20250708,0,17.0,10.63,87,68,0.01,0,88,12,3,15,93.3,334,0,5,3,5,3,6,0,0,7,2,2,0,0,0,0,4,2,11,0
7,Mitch McGovern,Carlton,Gen. Defender,20250708,4,16.9,9.41,106,78,0.05,0,81,15,5,20,95.0,412,1,6,4,6,4,9,0,0,7,3,1,0,0,0,0,3,0,6,0
7,Harry McKay,Carlton,Key Forward,20250708,4,16.4,8.43,130,113,1.08,17,86,14,5,19,84.2,228,2,10,2,7,2,1,17,2,12,0,5,4,3,0,0,8,2,13,4
7,Sam Walsh,Carlton,Midfielder,20250708,7,14.9,13.12,110,97,1.15,18,87,10,20,30,80.0,356,3,9,8,5,4,4,48,2,6,0,0,1,0,0,2,6,2,14,0
7,Lachie Fogarty,Carlton,Gen. Forward,20250708,0,14.3,7.64,98,67,0.0,0,81,7,4,11,90.9,202,3,4,2,3,1,2,0,0,3,0,0,2,2,0,1,5,4,9,0
7,Oliver Hollands,Carlton,Gen. Defender,20250708,0,13.2,6.91,102,104,0.01,0,88,12,11,23,82.6,438,5,6,5,4,4,3,0,2,6,0,0,0,0,0,1,5,7,27,0
7,Adam Saad,Carlton,Gen. Defender,20250708,0,11.8,10.99,93,83,0.01,0,85,12,9,21,76.2,309,2,9,7,5,4,6,0,5,4,1,0,0,0,0,0,2,4,12,0
7,Patrick Cripps,Carlton,Midfielder,20250708,5,11.5,15.03,104,131,2.18,46,83,12,17,29,72.4,369,3,14,2,4,1,1,86,8,7,0,1,2,0,2,1,7,9,19,0
7,George Hewett,Carlton,Midfielder,20250708,0,11.3,14.05,103,114,0.28,4,86,9,20,29,86.2,284,4,10,6,4,2,3,76,5,4,0,0,1,1,0,1,5,8,19,0
7,Charlie Curnow,Carlton,Key Forward,20250708,0,10.8,9.09,82,86,0.04,0,87,12,2,14,50.0,343,5,6,3,6,3,1,0,0,9,0,3,4,3,1,0,7,0,6,0
7,Jacob Weitering,Carlton,Key Defender,20250708,0,10.2,10.82,94,76,0.01,0,98,12,3,15,93.3,257,0,5,2,5,2,8,0,0,8,4,1,0,0,0,0,1,2,7,0
7,Nick Haynes,Carlton,Gen. Defender,20250708,8,9.4,7.55,92,92,0.68,10,87,12,8,20,70.0,400,1,5,3,3,1,9,0,1,13,8,2,0,0,0,1,3,1,6,0
7,Blake Acres,Carlton,Midfielder,20250708,0,8.7,7.94,64,71,0.01,0,76,9,7,16,75.0,258,6,4,2,2,1,4,0,1,3,1,1,0,0,0,1,2,5,16,0
7,Matthew Cottrell,Carlton,Mid-Forward,20250708,0,8.5,9.33,45,51,0.0,0,88,7,8,15,53.3,308,3,8,8,7,7,4,0,1,3,0,0,0,0,0,0,4,2,8,0
7,Corey Durdin,Carlton,Gen. Forward,20250708,0,7.0,7.74,46,45,0.0,0,70,5,1,6,66.7,136,3,3,1,2,1,1,0,1,2,0,1,1,1,0,1,3,4,9,0
7,Adam Cerra,Carlton,Midfielder,20250708,0,5.0,12.85,81,91,0.08,1,80,14,11,25,64.0,289,5,9,6,1,1,0,76,5,4,0,0,1,0,0,1,4,4,20,0
7,Zac Williams,Carlton,Gen. Forward,20250708,0,4.4,9.66,20,25,0.0,0,10,3,0,3,66.7,104,2,0,0,0,0,0,0,0,2,0,0,1,1,0,0,2,1,1,0
7,Cooper Lord,Carlton,Midfielder,20250708,0,2.7,2.86,35,40,0.0,0,52,6,4,10,70.0,202,2,0,0,0,0,1,0,0,2,0,0,0,0,0,1,1,2,7,0
7,Will White,Carlton,Gen. Forward,20250708,0,2.0,6.58,45,48,0.0,0,73,4,5,9,66.7,114,1,3,3,3,3,0,0,0,3,0,0,4,1,3,0,7,2,6,0
7,Matthew Carroll,Carlton,Gen. Defender,20250708,0,1.6,5.3,54,57,0.0,0,77,13,2,15,73.3,358,3,4,3,4,3,5,0,0,6,2,0,0,0,0,0,1,1,10,0
7,Jesse Motlop,Carlton,Gen. Forward,20250708,0,1.3,9.29,15,19,0.0,0,70,2,3,5,60.0,78,4,1,1,1,1,0,14,0,1,0,0,0,0,0,1,1,1,9,0
8,Patrick Cripps,Carlton,Midfielder,20250804,0,20.5,14.91,121,95,0.15,0,81,8,16,24,75.0,214,2,14,10,7,5,2,80,5,4,0,1,3,2,0,0,6,5,15,0
8,Nick Haynes,Carlton,Gen. Defender,20250804,0,14.4,7.69,89,80,0.0,0,88,13,3,16,93.8,285,1,5,3,5,3,8,0,0,11,4,1,0,0,0,0,2,1,8,0
8,Adam Cerra,Carlton,Midfielder,20250804,0,12.2,11.71,82,82,0.0,0,79,13,9,22,63.6,399,6,9,6,3,3,4,68,4,5,0,0,0,0,0,0,6,3,20,0
8,George Hewett,Carlton,Midfielder,20250804,0,11.7,13.81,103,71,0.01,0,85,12,13,25,80.0,428,4,10,7,4,3,3,80,4,4,1,0,0,0,0,1,4,2,13,0
8,Jacob Weitering,Carlton,Key Defender,20250804,0,11.1,10.81,89,53,0.0,0,94,11,2,13,61.5,147,0,8,3,7,2,7,0,1,4,1,2,0,0,0,0,0,0,4,0
8,Charlie Curnow,Carlton,Key Forward,20250804,0,9.9,9.0,69,78,0.0,0,91,12,1,13,76.9,261,5,4,2,4,2,0,0,0,10,0,2,3,2,1,0,6,0,2,0
8,Elijah Hollands,Carlton,Gen. Forward,20250804,0,9.1,9.73,64,58,0.0,0,81,8,5,13,69.2,321,3,5,4,3,3,2,0,2,4,0,0,1,0,0,1,4,3,20,0
8,Sam Walsh,Carlton,Midfielder,20250804,0,7.5,13.36,81,76,0.0,0,79,10,11,21,71.4,178,0,11,8,6,3,5,44,4,4,0,1,2,0,1,0,4,3,22,0
8,Tom De Koning,Carlton,Ruck,20250804,0,7.1,15.02,80,65,0.0,0,80,9,8,17,47.1,359,3,8,4,3,2,3,80,3,1,1,1,1,0,1,0,5,1,2,16
8,Adam Saad,Carlton,Gen. Defender,20250804,0,6.8,11.08,112,74,0.0,0,84,11,8,19,94.7,378,0,3,2,3,2,4,0,0,5,1,0,0,0,0,0,3,3,17,0
8,Lachie Fogarty,Carlton,Gen. Forward,20250804,0,6.4,8.49,45,38,0.0,0,56,3,5,8,87.5,25,1,4,3,4,3,1,0,0,2,0,0,0,0,0,0,4,3,7,0
8,Cooper Lord,Carlton,Midfielder,20250804,0,6.3,6.37,46,34,0.0,0,74,4,5,9,88.9,98,0,4,3,2,1,1,4,0,2,0,0,0,0,0,1,2,2,20,0
8,Oliver Hollands,Carlton,Gen. Defender,20250804,0,6.1,7.35,65,88,0.0,0,84,12,6,18,77.8,242,3,5,1,3,0,5,0,2,6,1,0,0,0,0,0,1,6,14,0
8,Lewis Young,Carlton,Key Defender,20250804,0,5.2,8.0,88,73,0.0,0,87,11,4,15,60.0,211,0,6,4,5,4,5,16,1,5,1,0,1,0,1,0,2,3,5,3
8,Mitch McGovern,Carlton,Gen. Defender,20250804,0,4.3,9.86,51,69,0.0,0,77,14,2,16,75.0,495,1,3,1,3,1,4,0,0,4,0,0,0,0,0,1,2,3,14,0
8,Corey Durdin,Carlton,Gen. Forward,20250804,0,3.8,7.59,30,32,0.0,0,76,3,1,4,50.0,78,0,0,0,0,0,0,4,0,2,0,0,3,2,1,0,3,1,11,0
8,Matthew Carroll,Carlton,Gen. Defender,20250804,0,3.5,4.57,37,32,0.0,0,81,5,2,7,71.4,117,0,0,0,0,0,1,0,0,3,1,0,0,0,0,0,1,1,12,0
8,Lachlan Cowan,Carlton,Gen. Defender,20250804,0,3.2,3.02,12,23,0.0,0,24,3,2,5,80.0,75,0,1,1,1,1,3,0,0,2,2,0,0,0,0,0,1,1,2,0
8,Jesse Motlop,Carlton,Gen. Forward,20250804,0,3.1,8.2,26,33,0.0,0,76,4,2,6,66.7,56,0,1,1,0,0,0,20,1,3,0,0,1,1,0,0,2,1,14,0
8,Blake Acres,Carlton,Midfielder,20250804,0,2.6,8.43,53,52,0.0,0,75,10,1,11,63.6,232,2,4,3,2,2,1,0,1,5,0,0,0,0,0,0,3,2,6,0
8,Will White,Carlton,Gen. Forward,20250804,0,2.3,6.43,36,29,0.0,0,82,5,4,9,77.8,119,2,3,3,2,2,0,0,1,2,0,0,0,0,0,0,5,0,22,0
8,Harry McKay,Carlton,Key Forward,20250804,0,1.2,8.88,33,38,0.0,0,88,4,4,8,75.0,86,2,4,1,3,1,0,4,1,3,0,1,0,0,0,0,1,2,5,0
8,Sam Docherty,Carlton,Midfielder,20250804,0,0.9,8.53,40,42,0.0,0,76,9,3,12,66.7,168,1,0,0,0,0,0,0,0,3,0,0,0,0,0,0,2,0,12,0
9,Harry McKay,Carlton,Key Forward,20250902,5,15.0,8.39,133,112,1.56,26,87,13,6,19,78.9,204,2,12,3,7,3,1,17,4,10,1,2,4,3,0,1,5,3,6,4
9,George Hewett,Carlton,Midfielder,20250902,6,14.4,13.71,100,80,1.17,18,83,7,19,26,92.3,186,2,11,8,4,4,4,83,6,3,1,0,1,0,0,0,9,4,22,0
9,Charlie Curnow,Carlton,Key Forward,20250902,0,12.7,9.06,82,79,0.04,0,95,11,1,12,83.3,276,3,4,0,4,0,0,0,0,7,0,1,3,3,0,0,4,2,5,0
9,Jack Silvagni,Carlton,Key Defender,20250902,1,11.7,11.11,102,92,0.02,0,94,16,1,17,76.5,387,2,6,4,6,4,10,0,0,11,4,1,0,0,0,1,3,2,11,0
9,Lewis Young,Carlton,Key Defender,20250902,0,11.7,7.9,75,37,0.0,0,94,5,2,7,100.0,65,1,5,3,4,2,1,0,1,3,0,1,2,2,0,0,2,0,0,0
9,Nick Haynes,Carlton,Gen. Defender,20250902,7,10.9,7.65,105,85,0.2,3,86,15,2,17,88.2,223,1,2,1,2,1,9,0,0,12,7,0,0,0,0,0,5,0,9,0
9,Adam Cerra,Carlton,Midfielder,20250902,0,10.5,12.53,83,72,0.01,0,85,12,6,18,88.9,278,0,8,5,2,1,2,29,5,5,0,0,0,0,0,0,1,2,14,0
9,Sam Walsh,Carlton,Midfielder,20250902,0,10.0,12.27,99,84,0.1,1,81,9,12,21,71.4,281,5,8,7,3,3,3,58,3,3,0,0,0,0,0,2,9,6,23,0
9,Tom De Koning,Carlton,Ruck,20250902,0,8.7,14.66,104,104,0.1,1,82,11,10,21,47.6,231,7,10,4,0,0,3,83,7,4,1,0,1,0,1,0,6,1,8,36
9,Patrick Cripps,Carlton,Midfielder,20250902,2,8.6,15.07,102,108,1.94,37,86,12,14,26,42.3,327,3,15,8,3,2,2,88,8,2,0,1,2,0,2,0,4,10,22,2
9,Blake Acres,Carlton,Midfielder,20250902,0,7.0,7.99,60,65,0.01,0,78,13,4,17,58.8,331,3,5,2,3,1,2,0,2,4,0,1,0,0,0,0,3,3,12,0
9,Jesse Motlop,Carlton,Gen. Forward,20250902,0,6.3,8.23,60,30,0.0,0,87,4,2,6,83.3,149,3,5,5,5,5,0,8,0,0,0,0,0,0,0,1,3,5,16,0
9,Cooper Lord,Carlton,Midfielder,20250902,0,6.0,2.72,77,75,0.01,0,48,7,5,12,66.7,188,1,1,1,0,0,0,33,0,2,0,0,1,1,0,0,2,8,13,0
9,Will White,Carlton,Gen. Forward,20250902,0,5.9,5.35,40,35,0.0,0,79,5,3,8,87.5,185,2,3,3,3,3,1,0,0,1,0,0,1,1,0,1,4,2,11,0
9,Adam Saad,Carlton,Gen. Defender,20250902,0,5.5,10.85,75,60,0.01,0,85,13,7,20,80.0,365,2,4,2,3,1,4,0,1,2,1,0,0,0,0,0,5,2,10,0
9,Jacob Weitering,Carlton,Key Defender,20250902,0,5.1,10.8,97,97,0.02,0,100,16,3,19,89.5,240,0,3,2,2,1,3,0,0,14,2,1,0,0,0,0,2,1,5,0
9,Elijah Hollands,Carlton,Gen. Forward,20250902,0,5.0,9.79,69,72,0.01,0,90,12,5,17,64.7,418,5,5,4,3,2,1,0,1,7,0,0,2,0,1,0,5,2,12,0
9,Jaxon Binns,Carlton,Midfielder,20250902,0,4.1,7.38,65,76,0.06,1,82,13,9,22,45.5,332,1,9,7,4,4,5,0,2,3,1,0,5,1,1,0,5,2,13,0
9,Francis Evans,Carlton,Gen. Forward,20250902,0,3.6,5.54,42,35,0.0,0,79,3,3,6,50.0,59,1,3,3,2,2,0,0,1,0,0,0,0,0,0,1,3,5,9,0
9,Lachlan Cowan,Carlton,Gen. Defender,20250902,0,3.3,6.86,33,36,0.0,0,33,5,2,7,85.7,-9,1,2,2,1,1,1,0,1,3,0,0,0,0,0,1,2,2,5,0
9,Corey Durdin,Carlton,Gen. Forward,20250902,0,1.8,7.26,42,39,0.0,0,71,5,2,7,57.1,91,0,1,1,0,0,0,0,1,2,0,0,2,0,2,1,5,3,10,0
9,Oliver Hollands,Carlton,Gen. Defender,20250902,0,1.7,7.27,64,71,0.0,0,83,9,6,15,86.7,184,1,3,1,3,1,4,0,0,7,1,0,0,0,0,0,3,3,18,0
9,Mitch McGovern,Carlton,Gen. Defender,20250902,0,1.4,9.46,15,19,0.0,0,14,3,0,3,66.7,115,0,0,0,0,0,0,0,0,2,0,0,0,0,0,0,0,1,2,0
